Code 2021,Country,NUTS level 1,NUTS level 2,NUTS level 3,NUTS level,Country order,Region order
BE,Belgique/België,NA,NA,NA,0,1,1
BE1,NA,Région de Bruxelles-Capitale/Brussels Hoofdstedelijk Gewest,NA,NA,1,1,2
BE10,NA,NA,Région de Bruxelles-Capitale/ Brussels Hoofdstedelijk Gewest,NA,2,1,3
BE100,NA,NA,NA,Arr. de Bruxelles-Capitale/Arr. Brussel-Hoofdstad,3,1,4
BE2,NA,Vlaams Gewest,NA,NA,1,1,5
BE21,NA,NA,Prov. Antwerpen,NA,2,1,6
BE211,NA,NA,NA,Arr. Antwerpen,3,1,7
BE212,NA,NA,NA,Arr. Mechelen,3,1,8
BE213,NA,NA,NA,Arr. Turnhout,3,1,9
BE22,NA,NA,Prov. Limburg (BE),NA,2,1,10
BE223,NA,NA,NA,Arr. Tongeren,3,1,11
BE224,NA,NA,NA,Arr. Hasselt,3,1,12
BE225,NA,NA,NA,Arr. Maaseik,3,1,13
BE23,NA,NA,Prov. Oost-Vlaanderen,NA,2,1,14
BE231,NA,NA,NA,Arr. Aalst,3,1,15
BE232,NA,NA,NA,Arr. Dendermonde,3,1,16
BE233,NA,NA,NA,Arr. Eeklo,3,1,17
BE234,NA,NA,NA,Arr. Gent,3,1,18
BE235,NA,NA,NA,Arr. Oudenaarde,3,1,19
BE236,NA,NA,NA,Arr. Sint-Niklaas,3,1,20
BE24,NA,NA,Prov. Vlaams-Brabant,NA,2,1,21
BE241,NA,NA,NA,Arr. Halle-Vilvoorde,3,1,22
BE242,NA,NA,NA,Arr. Leuven,3,1,23
BE25,NA,NA,Prov. West-Vlaanderen,NA,2,1,24
BE251,NA,NA,NA,Arr. Brugge,3,1,25
BE252,NA,NA,NA,Arr. Diksmuide,3,1,26
BE253,NA,NA,NA,Arr. Ieper,3,1,27
BE254,NA,NA,NA,Arr. Kortrijk,3,1,28
BE255,NA,NA,NA,Arr. Oostende,3,1,29
BE256,NA,NA,NA,Arr. Roeselare,3,1,30
BE257,NA,NA,NA,Arr. Tielt,3,1,31
BE258,NA,NA,NA,Arr. Veurne,3,1,32
BE3,NA,Région wallonne,NA,NA,1,1,33
BE31,NA,NA,Prov. Brabant Wallon,NA,2,1,34
BE310,NA,NA,NA,Arr. Nivelles,3,1,35
BE32,NA,NA,Prov. Hainaut,NA,2,1,36
BE323,NA,NA,NA,Arr. Mons,3,1,37
BE328,NA,NA,NA,Arr. Tournai-Mouscron,3,1,38
BE329,NA,NA,NA,Arr. La Louvière,3,1,39
BE32A,NA,NA,NA,Arr. Ath,3,1,40
BE32B,NA,NA,NA,Arr. Charleroi,3,1,41
BE32C,NA,NA,NA,Arr. Soignies,3,1,42
BE32D,NA,NA,NA,Arr. Thuin,3,1,43
BE33,NA,NA,Prov. Liège,NA,2,1,44
BE331,NA,NA,NA,Arr. Huy,3,1,45
BE332,NA,NA,NA,Arr. Liège,3,1,46
BE334,NA,NA,NA,Arr. Waremme,3,1,47
BE335,NA,NA,NA,Arr. Verviers — communes francophones,3,1,48
BE336,NA,NA,NA,Bezirk Verviers — Deutschsprachige Gemeinschaft,3,1,49
BE34,NA,NA,Prov. Luxembourg (BE),NA,2,1,50
BE341,NA,NA,NA,Arr. Arlon,3,1,51
BE342,NA,NA,NA,Arr. Bastogne,3,1,52
BE343,NA,NA,NA,Arr. Marche-en-Famenne,3,1,53
BE344,NA,NA,NA,Arr. Neufchâteau,3,1,54
BE345,NA,NA,NA,Arr. Virton,3,1,55
BE35,NA,NA,Prov. Namur,NA,2,1,56
BE351,NA,NA,NA,Arr. Dinant,3,1,57
BE352,NA,NA,NA,Arr. Namur,3,1,58
BE353,NA,NA,NA,Arr. Philippeville,3,1,59
BEZ,NA,Extra-Regio NUTS 1,NA,NA,1,1,60
BEZZ,NA,NA,Extra-Regio NUTS 2,NA,2,1,61
BEZZZ,NA,NA,NA,Extra-Regio NUTS 3,3,1,62
BG,България ,NA,NA,NA,0,2,63
BG3,NA,Северна и Югоизточна България,NA,NA,1,2,64
BG31,NA,NA,Северозападен,NA,2,2,65
BG311,NA,NA,NA,Видин,3,2,66
BG312,NA,NA,NA,Монтана,3,2,67
BG313,NA,NA,NA,Враца,3,2,68
BG314,NA,NA,NA,Плевен,3,2,69
BG315,NA,NA,NA,Ловеч,3,2,70
BG32,NA,NA,Северен централен,NA,2,2,71
BG321,NA,NA,NA,Велико Търново,3,2,72
BG322,NA,NA,NA,Габрово,3,2,73
BG323,NA,NA,NA,Русе,3,2,74
BG324,NA,NA,NA,Разград,3,2,75
BG325,NA,NA,NA,Силистра,3,2,76
BG33,NA,NA,Североизточен,NA,2,2,77
BG331,NA,NA,NA,Варна,3,2,78
BG332,NA,NA,NA,Добрич,3,2,79
BG333,NA,NA,NA,Шумен,3,2,80
BG334,NA,NA,NA,Търговище,3,2,81
BG34,NA,NA,Югоизточен,NA,2,2,82
BG341,NA,NA,NA,Бургас,3,2,83
BG342,NA,NA,NA,Сливен,3,2,84
BG343,NA,NA,NA,Ямбол,3,2,85
BG344,NA,NA,NA,Стара Загора,3,2,86
BG4,NA,Югозападна и Южна централна България,NA,NA,1,2,87
BG41,NA,NA,Югозападен,NA,2,2,88
BG411,NA,NA,NA,София (столица),3,2,89
BG412,NA,NA,NA,София,3,2,90
BG413,NA,NA,NA,Благоевград,3,2,91
BG414,NA,NA,NA,Перник,3,2,92
BG415,NA,NA,NA,Кюстендил,3,2,93
BG42,NA,NA,Южен централен,NA,2,2,94
BG421,NA,NA,NA,Пловдив,3,2,95
BG422,NA,NA,NA,Хасково,3,2,96
BG423,NA,NA,NA,Пазарджик,3,2,97
BG424,NA,NA,NA,Смолян,3,2,98
BG425,NA,NA,NA,Кърджали,3,2,99
BGZ,NA,Extra-Regio NUTS 1,NA,NA,1,2,100
BGZZ,NA,NA,Extra-Regio NUTS 2,NA,2,2,101
BGZZZ,NA,NA,NA,Extra-Regio NUTS 3,3,2,102
CZ,Česko,NA,NA,NA,0,3,103
CZ0,NA,Česko,NA,NA,1,3,104
CZ01,NA,NA,Praha,NA,2,3,105
CZ010,NA,NA,NA,Hlavní město Praha,3,3,106
CZ02,NA,NA,Střední Čechy,NA,2,3,107
CZ020,NA,NA,NA,Středočeský kraj,3,3,108
CZ03,NA,NA,Jihozápad,NA,2,3,109
CZ031,NA,NA,NA,Jihočeský kraj,3,3,110
CZ032,NA,NA,NA,Plzeňský kraj,3,3,111
CZ04,NA,NA,Severozápad,NA,2,3,112
CZ041,NA,NA,NA,Karlovarský kraj,3,3,113
CZ042,NA,NA,NA,Ústecký kraj,3,3,114
CZ05,NA,NA,Severovýchod,NA,2,3,115
CZ051,NA,NA,NA,Liberecký kraj,3,3,116
CZ052,NA,NA,NA,Královéhradecký kraj,3,3,117
CZ053,NA,NA,NA,Pardubický kraj,3,3,118
CZ06,NA,NA,Jihovýchod,NA,2,3,119
CZ063,NA,NA,NA,Kraj Vysočina,3,3,120
CZ064,NA,NA,NA,Jihomoravský kraj,3,3,121
CZ07,NA,NA,Střední Morava,NA,2,3,122
CZ071,NA,NA,NA,Olomoucký kraj,3,3,123
CZ072,NA,NA,NA,Zlínský kraj,3,3,124
CZ08,NA,NA,Moravskoslezsko,NA,2,3,125
CZ080,NA,NA,NA,Moravskoslezský kraj,3,3,126
CZZ,NA,Extra-Regio NUTS 1,NA,NA,1,3,127
CZZZ,NA,NA,Extra-Regio NUTS 2,NA,2,3,128
CZZZZ,NA,NA,NA,Extra-Regio NUTS 3,3,3,129
DK,Danmark,NA,NA,NA,0,4,130
DK0,NA,Danmark,NA,NA,1,4,131
DK01,NA,NA,Hovedstaden,NA,2,4,132
DK011,NA,NA,NA,Byen København,3,4,133
DK012,NA,NA,NA,Københavns omegn,3,4,134
DK013,NA,NA,NA,Nordsjælland,3,4,135
DK014,NA,NA,NA,Bornholm,3,4,136
DK02,NA,NA,Sjælland,NA,2,4,137
DK021,NA,NA,NA,Østsjælland,3,4,138
DK022,NA,NA,NA,Vest- og Sydsjælland,3,4,139
DK03,NA,NA,Syddanmark,NA,2,4,140
DK031,NA,NA,NA,Fyn,3,4,141
DK032,NA,NA,NA,Sydjylland,3,4,142
DK04,NA,NA,Midtjylland,NA,2,4,143
DK041,NA,NA,NA,Vestjylland,3,4,144
DK042,NA,NA,NA,Østjylland,3,4,145
DK05,NA,NA,Nordjylland,NA,2,4,146
DK050,NA,NA,NA,Nordjylland,3,4,147
DKZ,NA,Extra-Regio NUTS 1,NA,NA,1,4,148
DKZZ,NA,NA,Extra-Regio NUTS 2,NA,2,4,149
DKZZZ,NA,NA,NA,Extra-Regio NUTS 3,3,4,150
DE,Deutschland,NA,NA,NA,0,5,151
DE1,NA,Baden-Württemberg,NA,NA,1,5,152
DE11,NA,NA,Stuttgart,NA,2,5,153
DE111,NA,NA,NA,"Stuttgart, Stadtkreis",3,5,154
DE112,NA,NA,NA,Böblingen,3,5,155
DE113,NA,NA,NA,Esslingen,3,5,156
DE114,NA,NA,NA,Göppingen,3,5,157
DE115,NA,NA,NA,Ludwigsburg,3,5,158
DE116,NA,NA,NA,Rems-Murr-Kreis,3,5,159
DE117,NA,NA,NA,"Heilbronn, Stadtkreis",3,5,160
DE118,NA,NA,NA,"Heilbronn, Landkreis",3,5,161
DE119,NA,NA,NA,Hohenlohekreis,3,5,162
DE11A,NA,NA,NA,Schwäbisch Hall,3,5,163
DE11B,NA,NA,NA,Main-Tauber-Kreis,3,5,164
DE11C,NA,NA,NA,Heidenheim,3,5,165
DE11D,NA,NA,NA,Ostalbkreis,3,5,166
DE12,NA,NA,Karlsruhe,NA,2,5,167
DE121,NA,NA,NA,"Baden-Baden, Stadtkreis",3,5,168
DE122,NA,NA,NA,"Karlsruhe, Stadtkreis",3,5,169
DE123,NA,NA,NA,"Karlsruhe, Landkreis",3,5,170
DE124,NA,NA,NA,Rastatt,3,5,171
DE125,NA,NA,NA,"Heidelberg, Stadtkreis",3,5,172
DE126,NA,NA,NA,"Mannheim, Stadtkreis",3,5,173
DE127,NA,NA,NA,Neckar-Odenwald-Kreis,3,5,174
DE128,NA,NA,NA,Rhein-Neckar-Kreis,3,5,175
DE129,NA,NA,NA,"Pforzheim, Stadtkreis",3,5,176
DE12A,NA,NA,NA,Calw,3,5,177
DE12B,NA,NA,NA,Enzkreis,3,5,178
DE12C,NA,NA,NA,Freudenstadt,3,5,179
DE13,NA,NA,Freiburg,NA,2,5,180
DE131,NA,NA,NA,"Freiburg im Breisgau, Stadtkreis",3,5,181
DE132,NA,NA,NA,Breisgau-Hochschwarzwald,3,5,182
DE133,NA,NA,NA,Emmendingen,3,5,183
DE134,NA,NA,NA,Ortenaukreis,3,5,184
DE135,NA,NA,NA,Rottweil,3,5,185
DE136,NA,NA,NA,Schwarzwald-Baar-Kreis,3,5,186
DE137,NA,NA,NA,Tuttlingen,3,5,187
DE138,NA,NA,NA,Konstanz,3,5,188
DE139,NA,NA,NA,Lörrach,3,5,189
DE13A,NA,NA,NA,Waldshut,3,5,190
DE14,NA,NA,Tübingen,NA,2,5,191
DE141,NA,NA,NA,Reutlingen,3,5,192
DE142,NA,NA,NA,"Tübingen, Landkreis",3,5,193
DE143,NA,NA,NA,Zollernalbkreis,3,5,194
DE144,NA,NA,NA,"Ulm, Stadtkreis",3,5,195
DE145,NA,NA,NA,Alb-Donau-Kreis,3,5,196
DE146,NA,NA,NA,Biberach,3,5,197
DE147,NA,NA,NA,Bodenseekreis,3,5,198
DE148,NA,NA,NA,Ravensburg,3,5,199
DE149,NA,NA,NA,Sigmaringen,3,5,200
DE2,NA,Bayern,NA,NA,1,5,201
DE21,NA,NA,Oberbayern,NA,2,5,202
DE211,NA,NA,NA,"Ingolstadt, Kreisfreie Stadt",3,5,203
DE212,NA,NA,NA,"München, Kreisfreie Stadt",3,5,204
DE213,NA,NA,NA,"Rosenheim, Kreisfreie Stadt",3,5,205
DE214,NA,NA,NA,Altötting,3,5,206
DE215,NA,NA,NA,Berchtesgadener Land,3,5,207
DE216,NA,NA,NA,Bad Tölz-Wolfratshausen,3,5,208
DE217,NA,NA,NA,Dachau,3,5,209
DE218,NA,NA,NA,Ebersberg,3,5,210
DE219,NA,NA,NA,Eichstätt,3,5,211
DE21A,NA,NA,NA,Erding,3,5,212
DE21B,NA,NA,NA,Freising,3,5,213
DE21C,NA,NA,NA,Fürstenfeldbruck,3,5,214
DE21D,NA,NA,NA,Garmisch-Partenkirchen,3,5,215
DE21E,NA,NA,NA,Landsberg am Lech,3,5,216
DE21F,NA,NA,NA,Miesbach,3,5,217
DE21G,NA,NA,NA,Mühldorf a. Inn,3,5,218
DE21H,NA,NA,NA,"München, Landkreis",3,5,219
DE21I,NA,NA,NA,Neuburg-Schrobenhausen,3,5,220
DE21J,NA,NA,NA,Pfaffenhofen a. d. Ilm,3,5,221
DE21K,NA,NA,NA,"Rosenheim, Landkreis",3,5,222
DE21L,NA,NA,NA,Starnberg,3,5,223
DE21M,NA,NA,NA,Traunstein,3,5,224
DE21N,NA,NA,NA,Weilheim-Schongau,3,5,225
DE22,NA,NA,Niederbayern,NA,2,5,226
DE221,NA,NA,NA,"Landshut, Kreisfreie Stadt",3,5,227
DE222,NA,NA,NA,"Passau, Kreisfreie Stadt",3,5,228
DE223,NA,NA,NA,"Straubing, Kreisfreie Stadt",3,5,229
DE224,NA,NA,NA,Deggendorf,3,5,230
DE225,NA,NA,NA,Freyung-Grafenau,3,5,231
DE226,NA,NA,NA,Kelheim,3,5,232
DE227,NA,NA,NA,"Landshut, Landkreis",3,5,233
DE228,NA,NA,NA,"Passau, Landkreis",3,5,234
DE229,NA,NA,NA,Regen,3,5,235
DE22A,NA,NA,NA,Rottal-Inn,3,5,236
DE22B,NA,NA,NA,Straubing-Bogen,3,5,237
DE22C,NA,NA,NA,Dingolfing-Landau,3,5,238
DE23,NA,NA,Oberpfalz,NA,2,5,239
DE231,NA,NA,NA,"Amberg, Kreisfreie Stadt",3,5,240
DE232,NA,NA,NA,"Regensburg, Kreisfreie Stadt",3,5,241
DE233,NA,NA,NA,"Weiden i. d. Opf, Kreisfreie Stadt",3,5,242
DE234,NA,NA,NA,Amberg-Sulzbach,3,5,243
DE235,NA,NA,NA,Cham,3,5,244
DE236,NA,NA,NA,Neumarkt i. d. OPf.,3,5,245
DE237,NA,NA,NA,Neustadt a. d. Waldnaab,3,5,246
DE238,NA,NA,NA,"Regensburg, Landkreis",3,5,247
DE239,NA,NA,NA,Schwandorf,3,5,248
DE23A,NA,NA,NA,Tirschenreuth,3,5,249
DE24,NA,NA,Oberfranken,NA,2,5,250
DE241,NA,NA,NA,"Bamberg, Kreisfreie Stadt",3,5,251
DE242,NA,NA,NA,"Bayreuth, Kreisfreie Stadt",3,5,252
DE243,NA,NA,NA,"Coburg, Kreisfreie Stadt",3,5,253
DE244,NA,NA,NA,"Hof, Kreisfreie Stadt",3,5,254
DE245,NA,NA,NA,"Bamberg, Landkreis",3,5,255
DE246,NA,NA,NA,"Bayreuth, Landkreis",3,5,256
DE247,NA,NA,NA,"Coburg, Landkreis",3,5,257
DE248,NA,NA,NA,Forchheim,3,5,258
DE249,NA,NA,NA,"Hof, Landkreis",3,5,259
DE24A,NA,NA,NA,Kronach,3,5,260
DE24B,NA,NA,NA,Kulmbach,3,5,261
DE24C,NA,NA,NA,Lichtenfels,3,5,262
DE24D,NA,NA,NA,Wunsiedel i. Fichtelgebirge,3,5,263
DE25,NA,NA,Mittelfranken,NA,2,5,264
DE251,NA,NA,NA,"Ansbach, Kreisfreie Stadt",3,5,265
DE252,NA,NA,NA,"Erlangen, Kreisfreie Stadt",3,5,266
DE253,NA,NA,NA,"Fürth, Kreisfreie Stadt",3,5,267
DE254,NA,NA,NA,"Nürnberg, Kreisfreie Stadt",3,5,268
DE255,NA,NA,NA,"Schwabach, Kreisfreie Stadt",3,5,269
DE256,NA,NA,NA,"Ansbach, Landkreis",3,5,270
DE257,NA,NA,NA,Erlangen-Höchstadt,3,5,271
DE258,NA,NA,NA,"Fürth, Landkreis",3,5,272
DE259,NA,NA,NA,Nürnberger Land,3,5,273
DE25A,NA,NA,NA,Neustadt a. d. Aisch-Bad Windsheim,3,5,274
DE25B,NA,NA,NA,Roth,3,5,275
DE25C,NA,NA,NA,Weißenburg-Gunzenhausen,3,5,276
DE26,NA,NA,Unterfranken,NA,2,5,277
DE261,NA,NA,NA,"Aschaffenburg, Kreisfreie Stadt",3,5,278
DE262,NA,NA,NA,"Schweinfurt, Kreisfreie Stadt",3,5,279
DE263,NA,NA,NA,"Würzburg, Kreisfreie Stadt",3,5,280
DE264,NA,NA,NA,"Aschaffenburg, Landkreis",3,5,281
DE265,NA,NA,NA,Bad Kissingen,3,5,282
DE266,NA,NA,NA,Rhön-Grabfeld,3,5,283
DE267,NA,NA,NA,Haßberge,3,5,284
DE268,NA,NA,NA,Kitzingen,3,5,285
DE269,NA,NA,NA,Miltenberg,3,5,286
DE26A,NA,NA,NA,Main-Spessart,3,5,287
DE26B,NA,NA,NA,"Schweinfurt, Landkreis",3,5,288
DE26C,NA,NA,NA,"Würzburg, Landkreis",3,5,289
DE27,NA,NA,Schwaben,NA,2,5,290
DE271,NA,NA,NA,"Augsburg, Kreisfreie Stadt",3,5,291
DE272,NA,NA,NA,"Kaufbeuren, Kreisfreie Stadt",3,5,292
DE273,NA,NA,NA,"Kempten (Allgäu), Kreisfreie Stadt",3,5,293
DE274,NA,NA,NA,"Memmingen, Kreisfreie Stadt",3,5,294
DE275,NA,NA,NA,Aichach-Friedberg,3,5,295
DE276,NA,NA,NA,"Augsburg, Landkreis",3,5,296
DE277,NA,NA,NA,Dillingen a.d. Donau,3,5,297
DE278,NA,NA,NA,Günzburg,3,5,298
DE279,NA,NA,NA,Neu-Ulm,3,5,299
DE27A,NA,NA,NA,Lindau (Bodensee),3,5,300
DE27B,NA,NA,NA,Ostallgäu,3,5,301
DE27C,NA,NA,NA,Unterallgäu,3,5,302
DE27D,NA,NA,NA,Donau-Ries,3,5,303
DE27E,NA,NA,NA,Oberallgäu,3,5,304
DE3,NA,Berlin,NA,NA,1,5,305
DE30,NA,NA,Berlin,NA,2,5,306
DE300,NA,NA,NA,Berlin,3,5,307
DE4,NA,Brandenburg,NA,NA,1,5,308
DE40,NA,NA,Brandenburg,NA,2,5,309
DE401,NA,NA,NA,"Brandenburg an der Havel, Kreisfreie Stadt",3,5,310
DE402,NA,NA,NA,"Cottbus, Kreisfreie Stadt",3,5,311
DE403,NA,NA,NA,"Frankfurt (Oder), Kreisfreie Stadt",3,5,312
DE404,NA,NA,NA,"Potsdam, Kreisfreie Stadt",3,5,313
DE405,NA,NA,NA,Barnim,3,5,314
DE406,NA,NA,NA,Dahme-Spreewald,3,5,315
DE407,NA,NA,NA,Elbe-Elster,3,5,316
DE408,NA,NA,NA,Havelland,3,5,317
DE409,NA,NA,NA,Märkisch-Oderland,3,5,318
DE40A,NA,NA,NA,Oberhavel,3,5,319
DE40B,NA,NA,NA,Oberspreewald-Lausitz,3,5,320
DE40C,NA,NA,NA,Oder-Spree,3,5,321
DE40D,NA,NA,NA,Ostprignitz-Ruppin,3,5,322
DE40E,NA,NA,NA,Potsdam-Mittelmark,3,5,323
DE40F,NA,NA,NA,Prignitz,3,5,324
DE40G,NA,NA,NA,Spree-Neiße,3,5,325
DE40H,NA,NA,NA,Teltow-Fläming,3,5,326
DE40I,NA,NA,NA,Uckermark,3,5,327
DE5,NA,Bremen,NA,NA,1,5,328
DE50,NA,NA,Bremen,NA,2,5,329
DE501,NA,NA,NA,"Bremen, Kreisfreie Stadt",3,5,330
DE502,NA,NA,NA,"Bremerhaven, Kreisfreie Stadt",3,5,331
DE6,NA,Hamburg,NA,NA,1,5,332
DE60,NA,NA,Hamburg,NA,2,5,333
DE600,NA,NA,NA,Hamburg,3,5,334
DE7,NA,Hessen,NA,NA,1,5,335
DE71,NA,NA,Darmstadt,NA,2,5,336
DE711,NA,NA,NA,"Darmstadt, Kreisfreie Stadt",3,5,337
DE712,NA,NA,NA,"Frankfurt am Main, Kreisfreie Stadt",3,5,338
DE713,NA,NA,NA,"Offenbach am Main, Kreisfreie Stadt",3,5,339
DE714,NA,NA,NA,"Wiesbaden, Kreisfreie Stadt",3,5,340
DE715,NA,NA,NA,Bergstraße,3,5,341
DE716,NA,NA,NA,Darmstadt-Dieburg,3,5,342
DE717,NA,NA,NA,Groß-Gerau,3,5,343
DE718,NA,NA,NA,Hochtaunuskreis,3,5,344
DE719,NA,NA,NA,Main-Kinzig-Kreis,3,5,345
DE71A,NA,NA,NA,Main-Taunus-Kreis,3,5,346
DE71B,NA,NA,NA,Odenwaldkreis,3,5,347
DE71C,NA,NA,NA,"Offenbach, Landkreis",3,5,348
DE71D,NA,NA,NA,Rheingau-Taunus-Kreis,3,5,349
DE71E,NA,NA,NA,Wetteraukreis,3,5,350
DE72,NA,NA,Gießen,NA,2,5,351
DE721,NA,NA,NA,"Gießen, Landkreis",3,5,352
DE722,NA,NA,NA,Lahn-Dill-Kreis,3,5,353
DE723,NA,NA,NA,Limburg-Weilburg,3,5,354
DE724,NA,NA,NA,Marburg-Biedenkopf,3,5,355
DE725,NA,NA,NA,Vogelsbergkreis,3,5,356
DE73,NA,NA,Kassel,NA,2,5,357
DE731,NA,NA,NA,"Kassel, Kreisfreie Stadt",3,5,358
DE732,NA,NA,NA,Fulda,3,5,359
DE733,NA,NA,NA,Hersfeld-Rotenburg,3,5,360
DE734,NA,NA,NA,"Kassel, Landkreis",3,5,361
DE735,NA,NA,NA,Schwalm-Eder-Kreis,3,5,362
DE736,NA,NA,NA,Waldeck-Frankenberg,3,5,363
DE737,NA,NA,NA,Werra-Meißner-Kreis,3,5,364
DE8,NA,Mecklenburg-Vorpommern,NA,NA,1,5,365
DE80,NA,NA,Mecklenburg-Vorpommern,NA,2,5,366
DE803,NA,NA,NA,"Rostock, Kreisfreie Stadt",3,5,367
DE804,NA,NA,NA,"Schwerin, Kreisfreie Stadt",3,5,368
DE80J,NA,NA,NA,Mecklenburgische Seenplatte,3,5,369
DE80K,NA,NA,NA,Landkreis Rostock,3,5,370
DE80L,NA,NA,NA,Vorpommern-Rügen,3,5,371
DE80M,NA,NA,NA,Nordwestmecklenburg,3,5,372
DE80N,NA,NA,NA,Vorpommern-Greifswald,3,5,373
DE80O,NA,NA,NA,Ludwigslust-Parchim,3,5,374
DE9,NA,Niedersachsen,NA,NA,1,5,375
DE91,NA,NA,Braunschweig,NA,2,5,376
DE911,NA,NA,NA,"Braunschweig, Kreisfreie Stadt",3,5,377
DE912,NA,NA,NA,"Salzgitter, Kreisfreie Stadt",3,5,378
DE913,NA,NA,NA,"Wolfsburg, Kreisfreie Stadt",3,5,379
DE914,NA,NA,NA,Gifhorn,3,5,380
DE916,NA,NA,NA,Goslar,3,5,381
DE917,NA,NA,NA,Helmstedt,3,5,382
DE918,NA,NA,NA,Northeim,3,5,383
DE91A,NA,NA,NA,Peine,3,5,384
DE91B,NA,NA,NA,Wolfenbüttel,3,5,385
DE91C,NA,NA,NA,Göttingen,3,5,386
DE92,NA,NA,Hannover,NA,2,5,387
DE922,NA,NA,NA,Diepholz,3,5,388
DE923,NA,NA,NA,Hameln-Pyrmont,3,5,389
DE925,NA,NA,NA,Hildesheim,3,5,390
DE926,NA,NA,NA,Holzminden,3,5,391
DE927,NA,NA,NA,Nienburg (Weser),3,5,392
DE928,NA,NA,NA,Schaumburg,3,5,393
DE929,NA,NA,NA,Region Hannover,3,5,394
DE93,NA,NA,Lüneburg,NA,2,5,395
DE931,NA,NA,NA,Celle,3,5,396
DE932,NA,NA,NA,Cuxhaven,3,5,397
DE933,NA,NA,NA,Harburg,3,5,398
DE934,NA,NA,NA,Lüchow-Dannenberg,3,5,399
DE935,NA,NA,NA,"Lüneburg, Landkreis",3,5,400
DE936,NA,NA,NA,Osterholz,3,5,401
DE937,NA,NA,NA,Rotenburg (Wümme),3,5,402
DE938,NA,NA,NA,Heidekreis,3,5,403
DE939,NA,NA,NA,Stade,3,5,404
DE93A,NA,NA,NA,Uelzen,3,5,405
DE93B,NA,NA,NA,Verden,3,5,406
DE94,NA,NA,Weser-Ems,NA,2,5,407
DE941,NA,NA,NA,"Delmenhorst, Kreisfreie Stadt",3,5,408
DE942,NA,NA,NA,"Emden, Kreisfreie Stadt",3,5,409
DE943,NA,NA,NA,"Oldenburg (Oldenburg), Kreisfreie Stadt",3,5,410
DE944,NA,NA,NA,"Osnabrück, Kreisfreie Stadt",3,5,411
DE945,NA,NA,NA,"Wilhelmshaven, Kreisfreie Stadt",3,5,412
DE946,NA,NA,NA,Ammerland,3,5,413
DE947,NA,NA,NA,Aurich,3,5,414
DE948,NA,NA,NA,Cloppenburg,3,5,415
DE949,NA,NA,NA,Emsland,3,5,416
DE94A,NA,NA,NA,Friesland (DE),3,5,417
DE94B,NA,NA,NA,Grafschaft Bentheim,3,5,418
DE94C,NA,NA,NA,Leer,3,5,419
DE94D,NA,NA,NA,"Oldenburg, Landkreis",3,5,420
DE94E,NA,NA,NA,"Osnabrück, Landkreis",3,5,421
DE94F,NA,NA,NA,Vechta,3,5,422
DE94G,NA,NA,NA,Wesermarsch,3,5,423
DE94H,NA,NA,NA,Wittmund,3,5,424
DEA,NA,Nordrhein-Westfalen,NA,NA,1,5,425
DEA1,NA,NA,Düsseldorf,NA,2,5,426
DEA11,NA,NA,NA,"Düsseldorf, Kreisfreie Stadt",3,5,427
DEA12,NA,NA,NA,"Duisburg, Kreisfreie Stadt",3,5,428
DEA13,NA,NA,NA,"Essen, Kreisfreie Stadt",3,5,429
DEA14,NA,NA,NA,"Krefeld, Kreisfreie Stadt",3,5,430
DEA15,NA,NA,NA,"Mönchengladbach, Kreisfreie Stadt",3,5,431
DEA16,NA,NA,NA,"Mülheim an der Ruhr, Kreisfreie Stadt",3,5,432
DEA17,NA,NA,NA,"Oberhausen, Kreisfreie Stadt",3,5,433
DEA18,NA,NA,NA,"Remscheid, Kreisfreie Stadt",3,5,434
DEA19,NA,NA,NA,"Solingen, Kreisfreie Stadt",3,5,435
DEA1A,NA,NA,NA,"Wuppertal, Kreisfreie Stadt",3,5,436
DEA1B,NA,NA,NA,Kleve,3,5,437
DEA1C,NA,NA,NA,Mettmann,3,5,438
DEA1D,NA,NA,NA,Rhein-Kreis Neuss,3,5,439
DEA1E,NA,NA,NA,Viersen,3,5,440
DEA1F,NA,NA,NA,Wesel,3,5,441
DEA2,NA,NA,Köln,NA,2,5,442
DEA22,NA,NA,NA,"Bonn, Kreisfreie Stadt",3,5,443
DEA23,NA,NA,NA,"Köln, Kreisfreie Stadt",3,5,444
DEA24,NA,NA,NA,"Leverkusen, Kreisfreie Stadt",3,5,445
DEA26,NA,NA,NA,Düren,3,5,446
DEA27,NA,NA,NA,Rhein-Erft-Kreis,3,5,447
DEA28,NA,NA,NA,Euskirchen,3,5,448
DEA29,NA,NA,NA,Heinsberg,3,5,449
DEA2A,NA,NA,NA,Oberbergischer Kreis,3,5,450
DEA2B,NA,NA,NA,Rheinisch-Bergischer Kreis,3,5,451
DEA2C,NA,NA,NA,Rhein-Sieg-Kreis,3,5,452
DEA2D,NA,NA,NA,Städteregion Aachen,3,5,453
DEA3,NA,NA,Münster,NA,2,5,454
DEA31,NA,NA,NA,"Bottrop, Kreisfreie Stadt",3,5,455
DEA32,NA,NA,NA,"Gelsenkirchen, Kreisfreie Stadt",3,5,456
DEA33,NA,NA,NA,"Münster, Kreisfreie Stadt",3,5,457
DEA34,NA,NA,NA,Borken,3,5,458
DEA35,NA,NA,NA,Coesfeld,3,5,459
DEA36,NA,NA,NA,Recklinghausen,3,5,460
DEA37,NA,NA,NA,Steinfurt,3,5,461
DEA38,NA,NA,NA,Warendorf,3,5,462
DEA4,NA,NA,Detmold,NA,2,5,463
DEA41,NA,NA,NA,"Bielefeld, Kreisfreie Stadt",3,5,464
DEA42,NA,NA,NA,Gütersloh,3,5,465
DEA43,NA,NA,NA,Herford,3,5,466
DEA44,NA,NA,NA,Höxter,3,5,467
DEA45,NA,NA,NA,Lippe,3,5,468
DEA46,NA,NA,NA,Minden-Lübbecke,3,5,469
DEA47,NA,NA,NA,Paderborn,3,5,470
DEA5,NA,NA,Arnsberg,NA,2,5,471
DEA51,NA,NA,NA,"Bochum, Kreisfreie Stadt",3,5,472
DEA52,NA,NA,NA,"Dortmund, Kreisfreie Stadt",3,5,473
DEA53,NA,NA,NA,"Hagen, Kreisfreie Stadt",3,5,474
DEA54,NA,NA,NA,"Hamm, Kreisfreie Stadt",3,5,475
DEA55,NA,NA,NA,"Herne, Kreisfreie Stadt",3,5,476
DEA56,NA,NA,NA,Ennepe-Ruhr-Kreis,3,5,477
DEA57,NA,NA,NA,Hochsauerlandkreis,3,5,478
DEA58,NA,NA,NA,Märkischer Kreis,3,5,479
DEA59,NA,NA,NA,Olpe,3,5,480
DEA5A,NA,NA,NA,Siegen-Wittgenstein,3,5,481
DEA5B,NA,NA,NA,Soest,3,5,482
DEA5C,NA,NA,NA,Unna,3,5,483
DEB,NA,Rheinland-Pfalz,NA,NA,1,5,484
DEB1,NA,NA,Koblenz,NA,2,5,485
DEB11,NA,NA,NA,"Koblenz, Kreisfreie Stadt",3,5,486
DEB12,NA,NA,NA,Ahrweiler,3,5,487
DEB13,NA,NA,NA,Altenkirchen (Westerwald),3,5,488
DEB14,NA,NA,NA,Bad Kreuznach,3,5,489
DEB15,NA,NA,NA,Birkenfeld,3,5,490
DEB17,NA,NA,NA,Mayen-Koblenz,3,5,491
DEB18,NA,NA,NA,Neuwied,3,5,492
DEB1A,NA,NA,NA,Rhein-Lahn-Kreis,3,5,493
DEB1B,NA,NA,NA,Westerwaldkreis,3,5,494
DEB1C,NA,NA,NA,Cochem-Zell,3,5,495
DEB1D,NA,NA,NA,Rhein-Hunsrück-Kreis,3,5,496
DEB2,NA,NA,Trier,NA,2,5,497
DEB21,NA,NA,NA,"Trier, Kreisfreie Stadt",3,5,498
DEB22,NA,NA,NA,Bernkastel-Wittlich,3,5,499
DEB23,NA,NA,NA,Eifelkreis Bitburg-Prüm,3,5,500
DEB24,NA,NA,NA,Vulkaneifel,3,5,501
DEB25,NA,NA,NA,Trier-Saarburg,3,5,502
DEB3,NA,NA,Rheinhessen-Pfalz,NA,2,5,503
DEB31,NA,NA,NA,"Frankenthal (Pfalz), Kreisfreie Stadt",3,5,504
DEB32,NA,NA,NA,"Kaiserslautern, Kreisfreie Stadt",3,5,505
DEB33,NA,NA,NA,"Landau in der Pfalz, Kreisfreie Stadt",3,5,506
DEB34,NA,NA,NA,"Ludwigshafen am Rhein, Kreisfreie Stadt",3,5,507
DEB35,NA,NA,NA,"Mainz, Kreisfreie Stadt",3,5,508
DEB36,NA,NA,NA,"Neustadt an der Weinstraße, Kreisfreie Stadt",3,5,509
DEB37,NA,NA,NA,"Pirmasens, Kreisfreie Stadt",3,5,510
DEB38,NA,NA,NA,"Speyer, Kreisfreie Stadt",3,5,511
DEB39,NA,NA,NA,"Worms, Kreisfreie Stadt",3,5,512
DEB3A,NA,NA,NA,"Zweibrücken, Kreisfreie Stadt",3,5,513
DEB3B,NA,NA,NA,Alzey-Worms,3,5,514
DEB3C,NA,NA,NA,Bad Dürkheim,3,5,515
DEB3D,NA,NA,NA,Donnersbergkreis,3,5,516
DEB3E,NA,NA,NA,Germersheim,3,5,517
DEB3F,NA,NA,NA,"Kaiserslautern, Landkreis",3,5,518
DEB3G,NA,NA,NA,Kusel,3,5,519
DEB3H,NA,NA,NA,Südliche Weinstraße,3,5,520
DEB3I,NA,NA,NA,Rhein-Pfalz-Kreis,3,5,521
DEB3J,NA,NA,NA,Mainz-Bingen,3,5,522
DEB3K,NA,NA,NA,Südwestpfalz,3,5,523
DEC,NA,Saarland,NA,NA,1,5,524
DEC0,NA,NA,Saarland,NA,2,5,525
DEC01,NA,NA,NA,Regionalverband Saarbrücken,3,5,526
DEC02,NA,NA,NA,Merzig-Wadern,3,5,527
DEC03,NA,NA,NA,Neunkirchen,3,5,528
DEC04,NA,NA,NA,Saarlouis,3,5,529
DEC05,NA,NA,NA,Saarpfalz-Kreis,3,5,530
DEC06,NA,NA,NA,St. Wendel,3,5,531
DED,NA,Sachsen,NA,NA,1,5,532
DED2,NA,NA,Dresden,NA,2,5,533
DED21,NA,NA,NA,"Dresden, Kreisfreie Stadt",3,5,534
DED2C,NA,NA,NA,Bautzen,3,5,535
DED2D,NA,NA,NA,Görlitz,3,5,536
DED2E,NA,NA,NA,Meißen,3,5,537
DED2F,NA,NA,NA,Sächsische Schweiz-Osterzgebirge,3,5,538
DED4,NA,NA,Chemnitz,NA,2,5,539
DED41,NA,NA,NA,"Chemnitz, Kreisfreie Stadt",3,5,540
DED42,NA,NA,NA,Erzgebirgskreis,3,5,541
DED43,NA,NA,NA,Mittelsachsen,3,5,542
DED44,NA,NA,NA,Vogtlandkreis,3,5,543
DED45,NA,NA,NA,Zwickau,3,5,544
DED5,NA,NA,Leipzig,NA,2,5,545
DED51,NA,NA,NA,"Leipzig, Kreisfreie Stadt",3,5,546
DED52,NA,NA,NA,Leipzig,3,5,547
DED53,NA,NA,NA,Nordsachsen,3,5,548
DEE,NA,Sachsen-Anhalt,NA,NA,1,5,549
DEE0,NA,NA,Sachsen-Anhalt,NA,2,5,550
DEE01,NA,NA,NA,"Dessau-Roßlau, Kreisfreie Stadt",3,5,551
DEE02,NA,NA,NA,"Halle (Saale), Kreisfreie Stadt",3,5,552
DEE03,NA,NA,NA,"Magdeburg, Kreisfreie Stadt",3,5,553
DEE04,NA,NA,NA,Altmarkkreis Salzwedel,3,5,554
DEE05,NA,NA,NA,Anhalt-Bitterfeld,3,5,555
DEE06,NA,NA,NA,Jerichower Land,3,5,556
DEE07,NA,NA,NA,Börde,3,5,557
DEE08,NA,NA,NA,Burgenlandkreis,3,5,558
DEE09,NA,NA,NA,Harz,3,5,559
DEE0A,NA,NA,NA,Mansfeld-Südharz,3,5,560
DEE0B,NA,NA,NA,Saalekreis,3,5,561
DEE0C,NA,NA,NA,Salzlandkreis,3,5,562
DEE0D,NA,NA,NA,Stendal,3,5,563
DEE0E,NA,NA,NA,Wittenberg,3,5,564
DEF,NA,Schleswig-Holstein,NA,NA,1,5,565
DEF0,NA,NA,Schleswig-Holstein,NA,2,5,566
DEF01,NA,NA,NA,"Flensburg, Kreisfreie Stadt",3,5,567
DEF02,NA,NA,NA,"Kiel, Kreisfreie Stadt",3,5,568
DEF03,NA,NA,NA,"Lübeck, Kreisfreie Stadt",3,5,569
DEF04,NA,NA,NA,"Neumünster, Kreisfreie Stadt",3,5,570
DEF05,NA,NA,NA,Dithmarschen,3,5,571
DEF06,NA,NA,NA,Herzogtum Lauenburg,3,5,572
DEF07,NA,NA,NA,Nordfriesland,3,5,573
DEF08,NA,NA,NA,Ostholstein,3,5,574
DEF09,NA,NA,NA,Pinneberg,3,5,575
DEF0A,NA,NA,NA,Plön,3,5,576
DEF0B,NA,NA,NA,Rendsburg-Eckernförde,3,5,577
DEF0C,NA,NA,NA,Schleswig-Flensburg,3,5,578
DEF0D,NA,NA,NA,Segeberg,3,5,579
DEF0E,NA,NA,NA,Steinburg,3,5,580
DEF0F,NA,NA,NA,Stormarn,3,5,581
DEG,NA,Thüringen,NA,NA,1,5,582
DEG0,NA,NA,Thüringen,NA,2,5,583
DEG01,NA,NA,NA,"Erfurt, Kreisfreie Stadt",3,5,584
DEG02,NA,NA,NA,"Gera, Kreisfreie Stadt",3,5,585
DEG03,NA,NA,NA,"Jena, Kreisfreie Stadt",3,5,586
DEG04,NA,NA,NA,"Suhl, Kreisfreie Stadt",3,5,587
DEG05,NA,NA,NA,"Weimar, Kreisfreie Stadt",3,5,588
DEG06,NA,NA,NA,Eichsfeld,3,5,589
DEG07,NA,NA,NA,Nordhausen,3,5,590
DEG09,NA,NA,NA,Unstrut-Hainich-Kreis,3,5,591
DEG0A,NA,NA,NA,Kyffhäuserkreis,3,5,592
DEG0B,NA,NA,NA,Schmalkalden-Meiningen,3,5,593
DEG0C,NA,NA,NA,Gotha,3,5,594
DEG0D,NA,NA,NA,Sömmerda,3,5,595
DEG0E,NA,NA,NA,Hildburghausen,3,5,596
DEG0F,NA,NA,NA,Ilm-Kreis,3,5,597
DEG0G,NA,NA,NA,Weimarer Land,3,5,598
DEG0H,NA,NA,NA,Sonneberg,3,5,599
DEG0I,NA,NA,NA,Saalfeld-Rudolstadt,3,5,600
DEG0J,NA,NA,NA,Saale-Holzland-Kreis,3,5,601
DEG0K,NA,NA,NA,Saale-Orla-Kreis,3,5,602
DEG0L,NA,NA,NA,Greiz,3,5,603
DEG0M,NA,NA,NA,Altenburger Land,3,5,604
DEG0N,NA,NA,NA,"Eisenach, Kreisfreie Stadt",3,5,605
DEG0P,NA,NA,NA,Wartburgkreis,3,5,606
DEZ,NA,Extra-Regio NUTS 1,NA,NA,1,5,607
DEZZ,NA,NA,Extra-Regio NUTS 2,NA,2,5,608
DEZZZ,NA,NA,NA,Extra-Regio NUTS 3,3,5,609
EE,Eesti,NA,NA,NA,0,6,610
EE0,NA,Eesti,NA,NA,1,6,611
EE00,NA,NA,Eesti,NA,2,6,612
EE001,NA,NA,NA,Põhja-Eesti,3,6,613
EE004,NA,NA,NA,Lääne-Eesti,3,6,614
EE008,NA,NA,NA,Lõuna-Eesti,3,6,615
EE009,NA,NA,NA,Kesk-Eesti,3,6,616
EE00A,NA,NA,NA,Kirde-Eesti,3,6,617
EEZ,NA,Extra-Regio NUTS 1,NA,NA,1,6,618
EEZZ,NA,NA,Extra-Regio NUTS 2,NA,2,6,619
EEZZZ,NA,NA,NA,Extra-Regio NUTS 3,3,6,620
IE,Éire/Ireland,NA,NA,NA,0,7,621
IE0,NA,Ireland,NA,NA,1,7,622
IE04,NA,NA,Northern and Western,NA,2,7,623
IE041,NA,NA,NA,Border,3,7,624
IE042,NA,NA,NA,West,3,7,625
IE05,NA,NA,Southern,NA,2,7,626
IE051,NA,NA,NA,Mid-West,3,7,627
IE052,NA,NA,NA,South-East,3,7,628
IE053,NA,NA,NA,South-West,3,7,629
IE06,NA,NA,Eastern and Midland,NA,2,7,630
IE061,NA,NA,NA,Dublin,3,7,631
IE062,NA,NA,NA,Mid-East,3,7,632
IE063,NA,NA,NA,Midland,3,7,633
IEZ,NA,Extra-Regio NUTS 1,NA,NA,1,7,634
IEZZ,NA,NA,Extra-Regio NUTS 2,NA,2,7,635
IEZZZ,NA,NA,NA,Extra-Regio NUTS 3,3,7,636
EL,Ελλάδα ,NA,NA,NA,0,8,637
EL3,NA,Αττική,NA,NA,1,8,638
EL30,NA,NA,Aττική,NA,2,8,639
EL301,NA,NA,NA,Βόρειος Τομέας Αθηνών,3,8,640
EL302,NA,NA,NA,Δυτικός Τομέας Αθηνών,3,8,641
EL303,NA,NA,NA,Κεντρικός Τομέας Αθηνών,3,8,642
EL304,NA,NA,NA,Νότιος Τομέας Αθηνών,3,8,643
EL305,NA,NA,NA,Ανατολική Αττική,3,8,644
EL306,NA,NA,NA,Δυτική Αττική,3,8,645
EL307,NA,NA,NA,"Πειραιάς, Νήσοι",3,8,646
EL4,NA,"Νησιά Αιγαίου, Κρήτη",NA,NA,1,8,647
EL41,NA,NA,Βόρειο Αιγαίο,NA,2,8,648
EL411,NA,NA,NA,"Λέσβος, Λήμνος",3,8,649
EL412,NA,NA,NA,"Ικαρία, Σάμος",3,8,650
EL413,NA,NA,NA,Χίος,3,8,651
EL42,NA,NA,Νότιο Αιγαίο,NA,2,8,652
EL421,NA,NA,NA,"Κάλυμνος, Κάρπαθος – Ηρωική Νήσος Κάσος, Κως, Ρόδος",3,8,653
EL422,NA,NA,NA,"Άνδρος, Θήρα, Κέα, Μήλος, Μύκονος, Νάξος, Πάρος, Σύρος, Τήνος",3,8,654
EL43,NA,NA,Κρήτη,NA,2,8,655
EL431,NA,NA,NA,Ηράκλειο,3,8,656
EL432,NA,NA,NA,Λασίθι,3,8,657
EL433,NA,NA,NA,Ρέθυμνο,3,8,658
EL434,NA,NA,NA,Χανιά,3,8,659
EL5,NA,Βόρεια Ελλάδα,NA,NA,1,8,660
EL51,NA,NA,"Aνατολική Μακεδονία, Θράκη",NA,2,8,661
EL511,NA,NA,NA,Έβρος,3,8,662
EL512,NA,NA,NA,Ξάνθη,3,8,663
EL513,NA,NA,NA,Ροδόπη,3,8,664
EL514,NA,NA,NA,Δράμα,3,8,665
EL515,NA,NA,NA,"Θάσος, Καβάλα",3,8,666
EL52,NA,NA,Κεντρική Μακεδονία,NA,2,8,667
EL521,NA,NA,NA,Ημαθία,3,8,668
EL522,NA,NA,NA,Θεσσαλονίκη,3,8,669
EL523,NA,NA,NA,Κιλκίς,3,8,670
EL524,NA,NA,NA,Πέλλα,3,8,671
EL525,NA,NA,NA,Πιερία,3,8,672
EL526,NA,NA,NA,Σέρρες,3,8,673
EL527,NA,NA,NA,Χαλκιδική,3,8,674
EL53,NA,NA,Δυτική Μακεδονία,NA,2,8,675
EL531,NA,NA,NA,"Γρεβενά, Κοζάνη",3,8,676
EL532,NA,NA,NA,Καστοριά,3,8,677
EL533,NA,NA,NA,Φλώρινα,3,8,678
EL54,NA,NA,Ήπειρος,NA,2,8,679
EL541,NA,NA,NA,"Άρτα, Πρέβεζα",3,8,680
EL542,NA,NA,NA,Θεσπρωτία,3,8,681
EL543,NA,NA,NA,Ιωάννινα,3,8,682
EL6,NA,Κεντρική Ελλάδα,NA,NA,1,8,683
EL61,NA,NA,Θεσσαλία,NA,2,8,684
EL611,NA,NA,NA,"Καρδίτσα, Τρίκαλα",3,8,685
EL612,NA,NA,NA,Λάρισα,3,8,686
EL613,NA,NA,NA,"Μαγνησία, Σποράδες",3,8,687
EL62,NA,NA,Ιόνια Νησιά,NA,2,8,688
EL621,NA,NA,NA,Ζάκυνθος,3,8,689
EL622,NA,NA,NA,Κέρκυρα,3,8,690
EL623,NA,NA,NA,"Ιθάκη, Κεφαλληνία",3,8,691
EL624,NA,NA,NA,Λευκάδα,3,8,692
EL63,NA,NA,Δυτική Ελλάδα,NA,2,8,693
EL631,NA,NA,NA,Αιτωλοακαρνανία,3,8,694
EL632,NA,NA,NA,Αχαΐα,3,8,695
EL633,NA,NA,NA,Ηλεία,3,8,696
EL64,NA,NA,Στερεά Ελλάδα,NA,2,8,697
EL641,NA,NA,NA,Βοιωτία,3,8,698
EL642,NA,NA,NA,Εύβοια,3,8,699
EL643,NA,NA,NA,Ευρυτανία,3,8,700
EL644,NA,NA,NA,Φθιώτιδα,3,8,701
EL645,NA,NA,NA,Φωκίδα,3,8,702
EL65,NA,NA,Πελοπόννησος,NA,2,8,703
EL651,NA,NA,NA,"Αργολίδα, Αρκαδία",3,8,704
EL652,NA,NA,NA,Κορινθία,3,8,705
EL653,NA,NA,NA,"Λακωνία, Μεσσηνία",3,8,706
ELZ,NA,Extra-Regio NUTS 1,NA,NA,1,8,707
ELZZ,NA,NA,Extra-Regio NUTS 2,NA,2,8,708
ELZZZ,NA,NA,NA,Extra-Regio NUTS 3,3,8,709
ES,España,NA,NA,NA,0,9,710
ES1,NA,Noroeste,NA,NA,1,9,711
ES11,NA,NA,Galicia,NA,2,9,712
ES111,NA,NA,NA,A Coruña,3,9,713
ES112,NA,NA,NA,Lugo,3,9,714
ES113,NA,NA,NA,Ourense,3,9,715
ES114,NA,NA,NA,Pontevedra,3,9,716
ES12,NA,NA,Principado de Asturias,NA,2,9,717
ES120,NA,NA,NA,Asturias,3,9,718
ES13,NA,NA,Cantabria,NA,2,9,719
ES130,NA,NA,NA,Cantabria,3,9,720
ES2,NA,Noreste,NA,NA,1,9,721
ES21,NA,NA,País Vasco,NA,2,9,722
ES211,NA,NA,NA,Araba/Álava,3,9,723
ES212,NA,NA,NA,Gipuzkoa,3,9,724
ES213,NA,NA,NA,Bizkaia,3,9,725
ES22,NA,NA,Comunidad Foral de Navarra,NA,2,9,726
ES220,NA,NA,NA,Navarra,3,9,727
ES23,NA,NA,La Rioja,NA,2,9,728
ES230,NA,NA,NA,La Rioja,3,9,729
ES24,NA,NA,Aragón,NA,2,9,730
ES241,NA,NA,NA,Huesca,3,9,731
ES242,NA,NA,NA,Teruel,3,9,732
ES243,NA,NA,NA,Zaragoza,3,9,733
ES3,NA,Comunidad de Madrid,NA,NA,1,9,734
ES30,NA,NA,Comunidad de Madrid,NA,2,9,735
ES300,NA,NA,NA,Madrid,3,9,736
ES4,NA,Centro (ES),NA,NA,1,9,737
ES41,NA,NA,Castilla y León,NA,2,9,738
ES411,NA,NA,NA,Ávila,3,9,739
ES412,NA,NA,NA,Burgos,3,9,740
ES413,NA,NA,NA,León,3,9,741
ES414,NA,NA,NA,Palencia,3,9,742
ES415,NA,NA,NA,Salamanca,3,9,743
ES416,NA,NA,NA,Segovia,3,9,744
ES417,NA,NA,NA,Soria,3,9,745
ES418,NA,NA,NA,Valladolid,3,9,746
ES419,NA,NA,NA,Zamora,3,9,747
ES42,NA,NA,Castilla-La Mancha,NA,2,9,748
ES421,NA,NA,NA,Albacete,3,9,749
ES422,NA,NA,NA,Ciudad Real,3,9,750
ES423,NA,NA,NA,Cuenca,3,9,751
ES424,NA,NA,NA,Guadalajara,3,9,752
ES425,NA,NA,NA,Toledo,3,9,753
ES43,NA,NA,Extremadura,NA,2,9,754
ES431,NA,NA,NA,Badajoz,3,9,755
ES432,NA,NA,NA,Cáceres,3,9,756
ES5,NA,Este,NA,NA,1,9,757
ES51,NA,NA,Cataluña,NA,2,9,758
ES511,NA,NA,NA,Barcelona,3,9,759
ES512,NA,NA,NA,Girona,3,9,760
ES513,NA,NA,NA,Lleida,3,9,761
ES514,NA,NA,NA,Tarragona,3,9,762
ES52,NA,NA,Comunitat Valenciana,NA,2,9,763
ES521,NA,NA,NA,Alicante/Alacant,3,9,764
ES522,NA,NA,NA,Castellón/Castelló,3,9,765
ES523,NA,NA,NA,Valencia/València,3,9,766
ES53,NA,NA,Illes Balears,NA,2,9,767
ES531,NA,NA,NA,Eivissa y Formentera,3,9,768
ES532,NA,NA,NA,Mallorca,3,9,769
ES533,NA,NA,NA,Menorca,3,9,770
ES6,NA,Sur,NA,NA,1,9,771
ES61,NA,NA,Andalucía,NA,2,9,772
ES611,NA,NA,NA,Almería,3,9,773
ES612,NA,NA,NA,Cádiz,3,9,774
ES613,NA,NA,NA,Córdoba,3,9,775
ES614,NA,NA,NA,Granada,3,9,776
ES615,NA,NA,NA,Huelva,3,9,777
ES616,NA,NA,NA,Jaén,3,9,778
ES617,NA,NA,NA,Málaga,3,9,779
ES618,NA,NA,NA,Sevilla,3,9,780
ES62,NA,NA,Región de Murcia,NA,2,9,781
ES620,NA,NA,NA,Murcia,3,9,782
ES63,NA,NA,Ciudad de Ceuta,NA,2,9,783
ES630,NA,NA,NA,Ceuta,3,9,784
ES64,NA,NA,Ciudad de Melilla,NA,2,9,785
ES640,NA,NA,NA,Melilla,3,9,786
ES7,NA,Canarias,NA,NA,1,9,787
ES70,NA,NA,Canarias,NA,2,9,788
ES703,NA,NA,NA,El Hierro,3,9,789
ES704,NA,NA,NA,Fuerteventura,3,9,790
ES705,NA,NA,NA,Gran Canaria,3,9,791
ES706,NA,NA,NA,La Gomera,3,9,792
ES707,NA,NA,NA,La Palma,3,9,793
ES708,NA,NA,NA,Lanzarote,3,9,794
ES709,NA,NA,NA,Tenerife,3,9,795
ESZ,NA,Extra-Regio NUTS 1,NA,NA,1,9,796
ESZZ,NA,NA,Extra-Regio NUTS 2,NA,2,9,797
ESZZZ,NA,NA,NA,Extra-Regio NUTS 3,3,9,798
FR,France,NA,NA,NA,0,10,799
FR1,NA,Ile-de-France,NA,NA,1,10,800
FR10,NA,NA,Ile-de-France,NA,2,10,801
FR101,NA,NA,NA,Paris,3,10,802
FR102,NA,NA,NA,Seine-et-Marne,3,10,803
FR103,NA,NA,NA,Yvelines,3,10,804
FR104,NA,NA,NA,Essonne,3,10,805
FR105,NA,NA,NA,Hauts-de-Seine,3,10,806
FR106,NA,NA,NA,Seine-Saint-Denis,3,10,807
FR107,NA,NA,NA,Val-de-Marne,3,10,808
FR108,NA,NA,NA,Val-d’Oise,3,10,809
FRB,NA,Centre — Val de Loire,NA,NA,1,10,810
FRB0,NA,NA,Centre — Val de Loire,NA,2,10,811
FRB01,NA,NA,NA,Cher,3,10,812
FRB02,NA,NA,NA,Eure-et-Loir,3,10,813
FRB03,NA,NA,NA,Indre,3,10,814
FRB04,NA,NA,NA,Indre-et-Loire,3,10,815
FRB05,NA,NA,NA,Loir-et-Cher,3,10,816
FRB06,NA,NA,NA,Loiret,3,10,817
FRC,NA,Bourgogne-Franche-Comté,NA,NA,1,10,818
FRC1,NA,NA,Bourgogne,NA,2,10,819
FRC11,NA,NA,NA,Côte-d’Or,3,10,820
FRC12,NA,NA,NA,Nièvre,3,10,821
FRC13,NA,NA,NA,Saône-et-Loire,3,10,822
FRC14,NA,NA,NA,Yonne,3,10,823
FRC2,NA,NA,Franche-Comté,NA,2,10,824
FRC21,NA,NA,NA,Doubs,3,10,825
FRC22,NA,NA,NA,Jura,3,10,826
FRC23,NA,NA,NA,Haute-Saône,3,10,827
FRC24,NA,NA,NA,Territoire de Belfort,3,10,828
FRD,NA,Normandie,NA,NA,1,10,829
FRD1,NA,NA,Basse-Normandie,NA,2,10,830
FRD11,NA,NA,NA,Calvados,3,10,831
FRD12,NA,NA,NA,Manche,3,10,832
FRD13,NA,NA,NA,Orne,3,10,833
FRD2,NA,NA,Haute-Normandie,NA,2,10,834
FRD21,NA,NA,NA,Eure,3,10,835
FRD22,NA,NA,NA,Seine-Maritime,3,10,836
FRE,NA,Hauts-de-France,NA,NA,1,10,837
FRE1,NA,NA,Nord-Pas de Calais,NA,2,10,838
FRE11,NA,NA,NA,Nord,3,10,839
FRE12,NA,NA,NA,Pas-de-Calais,3,10,840
FRE2,NA,NA,Picardie,NA,2,10,841
FRE21,NA,NA,NA,Aisne,3,10,842
FRE22,NA,NA,NA,Oise,3,10,843
FRE23,NA,NA,NA,Somme,3,10,844
FRF,NA,Grand Est,NA,NA,1,10,845
FRF1,NA,NA,Alsace,NA,2,10,846
FRF11,NA,NA,NA,Bas-Rhin,3,10,847
FRF12,NA,NA,NA,Haut-Rhin,3,10,848
FRF2,NA,NA,Champagne-Ardenne,NA,2,10,849
FRF21,NA,NA,NA,Ardennes,3,10,850
FRF22,NA,NA,NA,Aube,3,10,851
FRF23,NA,NA,NA,Marne,3,10,852
FRF24,NA,NA,NA,Haute-Marne,3,10,853
FRF3,NA,NA,Lorraine,NA,2,10,854
FRF31,NA,NA,NA,Meurthe-et-Moselle,3,10,855
FRF32,NA,NA,NA,Meuse,3,10,856
FRF33,NA,NA,NA,Moselle,3,10,857
FRF34,NA,NA,NA,Vosges,3,10,858
FRG,NA,Pays de la Loire,NA,NA,1,10,859
FRG0,NA,NA,Pays de la Loire,NA,2,10,860
FRG01,NA,NA,NA,Loire-Atlantique,3,10,861
FRG02,NA,NA,NA,Maine-et-Loire,3,10,862
FRG03,NA,NA,NA,Mayenne,3,10,863
FRG04,NA,NA,NA,Sarthe,3,10,864
FRG05,NA,NA,NA,Vendée,3,10,865
FRH,NA,Bretagne,NA,NA,1,10,866
FRH0,NA,NA,Bretagne,NA,2,10,867
FRH01,NA,NA,NA,Côtes-d’Armor,3,10,868
FRH02,NA,NA,NA,Finistère,3,10,869
FRH03,NA,NA,NA,Ille-et-Vilaine,3,10,870
FRH04,NA,NA,NA,Morbihan,3,10,871
FRI,NA,Nouvelle-Aquitaine,NA,NA,1,10,872
FRI1,NA,NA,Aquitaine,NA,2,10,873
FRI11,NA,NA,NA,Dordogne,3,10,874
FRI12,NA,NA,NA,Gironde,3,10,875
FRI13,NA,NA,NA,Landes,3,10,876
FRI14,NA,NA,NA,Lot-et-Garonne,3,10,877
FRI15,NA,NA,NA,Pyrénées-Atlantiques,3,10,878
FRI2,NA,NA,Limousin,NA,2,10,879
FRI21,NA,NA,NA,Corrèze,3,10,880
FRI22,NA,NA,NA,Creuse,3,10,881
FRI23,NA,NA,NA,Haute-Vienne,3,10,882
FRI3,NA,NA,Poitou-Charentes,NA,2,10,883
FRI31,NA,NA,NA,Charente,3,10,884
FRI32,NA,NA,NA,Charente-Maritime,3,10,885
FRI33,NA,NA,NA,Deux-Sèvres,3,10,886
FRI34,NA,NA,NA,Vienne,3,10,887
FRJ,NA,Occitanie,NA,NA,1,10,888
FRJ1,NA,NA,Languedoc-Roussillon,NA,2,10,889
FRJ11,NA,NA,NA,Aude,3,10,890
FRJ12,NA,NA,NA,Gard,3,10,891
FRJ13,NA,NA,NA,Hérault,3,10,892
FRJ14,NA,NA,NA,Lozère,3,10,893
FRJ15,NA,NA,NA,Pyrénées-Orientales,3,10,894
FRJ2,NA,NA,Midi-Pyrénées,NA,2,10,895
FRJ21,NA,NA,NA,Ariège,3,10,896
FRJ22,NA,NA,NA,Aveyron,3,10,897
FRJ23,NA,NA,NA,Haute-Garonne,3,10,898
FRJ24,NA,NA,NA,Gers,3,10,899
FRJ25,NA,NA,NA,Lot,3,10,900
FRJ26,NA,NA,NA,Hautes-Pyrénées,3,10,901
FRJ27,NA,NA,NA,Tarn,3,10,902
FRJ28,NA,NA,NA,Tarn-et-Garonne,3,10,903
FRK,NA,Auvergne-Rhône-Alpes,NA,NA,1,10,904
FRK1,NA,NA,Auvergne,NA,2,10,905
FRK11,NA,NA,NA,Allier,3,10,906
FRK12,NA,NA,NA,Cantal,3,10,907
FRK13,NA,NA,NA,Haute-Loire,3,10,908
FRK14,NA,NA,NA,Puy-de-Dôme,3,10,909
FRK2,NA,NA,Rhône-Alpes,NA,2,10,910
FRK21,NA,NA,NA,Ain,3,10,911
FRK22,NA,NA,NA,Ardèche,3,10,912
FRK23,NA,NA,NA,Drôme,3,10,913
FRK24,NA,NA,NA,Isère,3,10,914
FRK25,NA,NA,NA,Loire,3,10,915
FRK26,NA,NA,NA,Rhône,3,10,916
FRK27,NA,NA,NA,Savoie,3,10,917
FRK28,NA,NA,NA,Haute-Savoie,3,10,918
FRL,NA,Provence-Alpes-Côte d’Azur,NA,NA,1,10,919
FRL0,NA,NA,Provence-Alpes-Côte d’Azur,NA,2,10,920
FRL01,NA,NA,NA,Alpes-de-Haute-Provence,3,10,921
FRL02,NA,NA,NA,Hautes-Alpes,3,10,922
FRL03,NA,NA,NA,Alpes-Maritimes,3,10,923
FRL04,NA,NA,NA,Bouches-du-Rhône,3,10,924
FRL05,NA,NA,NA,Var,3,10,925
FRL06,NA,NA,NA,Vaucluse,3,10,926
FRM,NA,Corse,NA,NA,1,10,927
FRM0,NA,NA,Corse,NA,2,10,928
FRM01,NA,NA,NA,Corse-du-Sud,3,10,929
FRM02,NA,NA,NA,Haute-Corse,3,10,930
FRY,NA,RUP FR — Régions Ultrapériphériques Françaises,NA,NA,1,10,931
FRY1,NA,NA,Guadeloupe,NA,2,10,932
FRY10,NA,NA,NA,Guadeloupe,3,10,933
FRY2,NA,NA,Martinique,NA,2,10,934
FRY20,NA,NA,NA,Martinique,3,10,935
FRY3,NA,NA,Guyane,NA,2,10,936
FRY30,NA,NA,NA,Guyane,3,10,937
FRY4,NA,NA,La Réunion,NA,2,10,938
FRY40,NA,NA,NA,La Réunion,3,10,939
FRY5,NA,NA,Mayotte,NA,2,10,940
FRY50,NA,NA,NA,Mayotte,3,10,941
FRZ,NA,Extra-Regio NUTS 1,NA,NA,1,10,942
FRZZ,NA,NA,Extra-Regio NUTS 2,NA,2,10,943
FRZZZ,NA,NA,NA,Extra-Regio NUTS 3,3,10,944
HR,Hrvatska,NA,NA,NA,0,11,945
HR0,NA,Hrvatska,NA,NA,1,11,946
HR02,NA,NA,Panonska Hrvatska,NA,2,11,947
HR021,NA,NA,NA,Bjelovarsko-bilogorska županija,3,11,948
HR022,NA,NA,NA,Virovitičko-podravska županija,3,11,949
HR023,NA,NA,NA,Požeško-slavonska županija,3,11,950
HR024,NA,NA,NA,Brodsko-posavska županija,3,11,951
HR025,NA,NA,NA,Osječko-baranjska županija,3,11,952
HR026,NA,NA,NA,Vukovarsko-srijemska županija,3,11,953
HR027,NA,NA,NA,Karlovačka županija,3,11,954
HR028,NA,NA,NA,Sisačko-moslavačka županija,3,11,955
HR03,NA,NA,Jadranska Hrvatska,NA,2,11,956
HR031,NA,NA,NA,Primorsko-goranska županija,3,11,957
HR032,NA,NA,NA,Ličko-senjska županija,3,11,958
HR033,NA,NA,NA,Zadarska županija,3,11,959
HR034,NA,NA,NA,Šibensko-kninska županija,3,11,960
HR035,NA,NA,NA,Splitsko-dalmatinska županija,3,11,961
HR036,NA,NA,NA,Istarska županija,3,11,962
HR037,NA,NA,NA,Dubrovačko-neretvanska županija,3,11,963
HR05,NA,NA,Grad Zagreb,NA,2,11,964
HR050,NA,NA,NA,Grad Zagreb,3,11,965
HR06,NA,NA,Sjeverna Hrvatska,NA,2,11,966
HR061,NA,NA,NA,Međimurska županija,3,11,967
HR062,NA,NA,NA,Varaždinska županija,3,11,968
HR063,NA,NA,NA,Koprivničko-križevačka županija,3,11,969
HR064,NA,NA,NA,Krapinsko-zagorska županija,3,11,970
HR065,NA,NA,NA,Zagrebačka županija,3,11,971
HRZ,NA,Extra-Regio NUTS 1,NA,NA,1,11,972
HRZZ,NA,NA,Extra-Regio NUTS 2,NA,2,11,973
HRZZZ,NA,NA,NA,Extra-Regio NUTS 3,3,11,974
IT,Italia,NA,NA,NA,0,12,975
ITC,NA,Nord-Ovest,NA,NA,1,12,976
ITC1,NA,NA,Piemonte,NA,2,12,977
ITC11,NA,NA,NA,Torino,3,12,978
ITC12,NA,NA,NA,Vercelli,3,12,979
ITC13,NA,NA,NA,Biella,3,12,980
ITC14,NA,NA,NA,Verbano-Cusio-Ossola,3,12,981
ITC15,NA,NA,NA,Novara,3,12,982
ITC16,NA,NA,NA,Cuneo,3,12,983
ITC17,NA,NA,NA,Asti,3,12,984
ITC18,NA,NA,NA,Alessandria,3,12,985
ITC2,NA,NA,Valle d’Aosta/Vallée d’Aoste,NA,2,12,986
ITC20,NA,NA,NA,Valle d’Aosta/Vallée d’Aoste,3,12,987
ITC3,NA,NA,Liguria,NA,2,12,988
ITC31,NA,NA,NA,Imperia,3,12,989
ITC32,NA,NA,NA,Savona,3,12,990
ITC33,NA,NA,NA,Genova,3,12,991
ITC34,NA,NA,NA,La Spezia,3,12,992
ITC4,NA,NA,Lombardia,NA,2,12,993
ITC41,NA,NA,NA,Varese,3,12,994
ITC42,NA,NA,NA,Como,3,12,995
ITC43,NA,NA,NA,Lecco,3,12,996
ITC44,NA,NA,NA,Sondrio,3,12,997
ITC46,NA,NA,NA,Bergamo,3,12,998
ITC47,NA,NA,NA,Brescia,3,12,999
ITC48,NA,NA,NA,Pavia,3,12,1000
ITC49,NA,NA,NA,Lodi,3,12,1001
ITC4A,NA,NA,NA,Cremona,3,12,1002
ITC4B,NA,NA,NA,Mantova,3,12,1003
ITC4C,NA,NA,NA,Milano,3,12,1004
ITC4D,NA,NA,NA,Monza e della Brianza,3,12,1005
ITF,NA,Sud,NA,NA,1,12,1006
ITF1,NA,NA,Abruzzo,NA,2,12,1007
ITF11,NA,NA,NA,L’Aquila,3,12,1008
ITF12,NA,NA,NA,Teramo,3,12,1009
ITF13,NA,NA,NA,Pescara,3,12,1010
ITF14,NA,NA,NA,Chieti,3,12,1011
ITF2,NA,NA,Molise,NA,2,12,1012
ITF21,NA,NA,NA,Isernia,3,12,1013
ITF22,NA,NA,NA,Campobasso,3,12,1014
ITF3,NA,NA,Campania,NA,2,12,1015
ITF31,NA,NA,NA,Caserta,3,12,1016
ITF32,NA,NA,NA,Benevento,3,12,1017
ITF33,NA,NA,NA,Napoli,3,12,1018
ITF34,NA,NA,NA,Avellino,3,12,1019
ITF35,NA,NA,NA,Salerno,3,12,1020
ITF4,NA,NA,Puglia,NA,2,12,1021
ITF43,NA,NA,NA,Taranto,3,12,1022
ITF44,NA,NA,NA,Brindisi,3,12,1023
ITF45,NA,NA,NA,Lecce,3,12,1024
ITF46,NA,NA,NA,Foggia,3,12,1025
ITF47,NA,NA,NA,Bari,3,12,1026
ITF48,NA,NA,NA,Barletta-Andria-Trani,3,12,1027
ITF5,NA,NA,Basilicata,NA,2,12,1028
ITF51,NA,NA,NA,Potenza,3,12,1029
ITF52,NA,NA,NA,Matera,3,12,1030
ITF6,NA,NA,Calabria,NA,2,12,1031
ITF61,NA,NA,NA,Cosenza,3,12,1032
ITF62,NA,NA,NA,Crotone,3,12,1033
ITF63,NA,NA,NA,Catanzaro,3,12,1034
ITF64,NA,NA,NA,Vibo Valentia,3,12,1035
ITF65,NA,NA,NA,Reggio di Calabria,3,12,1036
ITG,NA,Isole,NA,NA,1,12,1037
ITG1,NA,NA,Sicilia,NA,2,12,1038
ITG11,NA,NA,NA,Trapani,3,12,1039
ITG12,NA,NA,NA,Palermo,3,12,1040
ITG13,NA,NA,NA,Messina,3,12,1041
ITG14,NA,NA,NA,Agrigento,3,12,1042
ITG15,NA,NA,NA,Caltanissetta,3,12,1043
ITG16,NA,NA,NA,Enna,3,12,1044
ITG17,NA,NA,NA,Catania,3,12,1045
ITG18,NA,NA,NA,Ragusa,3,12,1046
ITG19,NA,NA,NA,Siracusa,3,12,1047
ITG2,NA,NA,Sardegna,NA,2,12,1048
ITG2D,NA,NA,NA,Sassari,3,12,1049
ITG2E,NA,NA,NA,Nuoro,3,12,1050
ITG2F,NA,NA,NA,Cagliari,3,12,1051
ITG2G,NA,NA,NA,Oristano,3,12,1052
ITG2H,NA,NA,NA,Sud Sardegna,3,12,1053
ITH,NA,Nord-Est,NA,NA,1,12,1054
ITH1,NA,NA,Provincia Autonoma di Bolzano/Bozen,NA,2,12,1055
ITH10,NA,NA,NA,Bolzano-Bozen,3,12,1056
ITH2,NA,NA,Provincia Autonoma di Trento,NA,2,12,1057
ITH20,NA,NA,NA,Trento,3,12,1058
ITH3,NA,NA,Veneto,NA,2,12,1059
ITH31,NA,NA,NA,Verona,3,12,1060
ITH32,NA,NA,NA,Vicenza,3,12,1061
ITH33,NA,NA,NA,Belluno,3,12,1062
ITH34,NA,NA,NA,Treviso,3,12,1063
ITH35,NA,NA,NA,Venezia,3,12,1064
ITH36,NA,NA,NA,Padova,3,12,1065
ITH37,NA,NA,NA,Rovigo,3,12,1066
ITH4,NA,NA,Friuli-Venezia Giulia,NA,2,12,1067
ITH41,NA,NA,NA,Pordenone,3,12,1068
ITH42,NA,NA,NA,Udine,3,12,1069
ITH43,NA,NA,NA,Gorizia,3,12,1070
ITH44,NA,NA,NA,Trieste,3,12,1071
ITH5,NA,NA,Emilia-Romagna,NA,2,12,1072
ITH51,NA,NA,NA,Piacenza,3,12,1073
ITH52,NA,NA,NA,Parma,3,12,1074
ITH53,NA,NA,NA,Reggio nell’Emilia,3,12,1075
ITH54,NA,NA,NA,Modena,3,12,1076
ITH55,NA,NA,NA,Bologna,3,12,1077
ITH56,NA,NA,NA,Ferrara,3,12,1078
ITH57,NA,NA,NA,Ravenna,3,12,1079
ITH58,NA,NA,NA,Forlì-Cesena,3,12,1080
ITH59,NA,NA,NA,Rimini,3,12,1081
ITI,NA,Centro (IT),NA,NA,1,12,1082
ITI1,NA,NA,Toscana,NA,2,12,1083
ITI11,NA,NA,NA,Massa-Carrara,3,12,1084
ITI12,NA,NA,NA,Lucca,3,12,1085
ITI13,NA,NA,NA,Pistoia,3,12,1086
ITI14,NA,NA,NA,Firenze,3,12,1087
ITI15,NA,NA,NA,Prato,3,12,1088
ITI16,NA,NA,NA,Livorno,3,12,1089
ITI17,NA,NA,NA,Pisa,3,12,1090
ITI18,NA,NA,NA,Arezzo,3,12,1091
ITI19,NA,NA,NA,Siena,3,12,1092
ITI1A,NA,NA,NA,Grosseto,3,12,1093
ITI2,NA,NA,Umbria,NA,2,12,1094
ITI21,NA,NA,NA,Perugia,3,12,1095
ITI22,NA,NA,NA,Terni,3,12,1096
ITI3,NA,NA,Marche,NA,2,12,1097
ITI31,NA,NA,NA,Pesaro e Urbino,3,12,1098
ITI32,NA,NA,NA,Ancona,3,12,1099
ITI33,NA,NA,NA,Macerata,3,12,1100
ITI34,NA,NA,NA,Ascoli Piceno,3,12,1101
ITI35,NA,NA,NA,Fermo,3,12,1102
ITI4,NA,NA,Lazio,NA,2,12,1103
ITI41,NA,NA,NA,Viterbo,3,12,1104
ITI42,NA,NA,NA,Rieti,3,12,1105
ITI43,NA,NA,NA,Roma,3,12,1106
ITI44,NA,NA,NA,Latina,3,12,1107
ITI45,NA,NA,NA,Frosinone,3,12,1108
ITZ,NA,Extra-Regio NUTS 1,NA,NA,1,12,1109
ITZZ,NA,NA,Extra-Regio NUTS 2,NA,2,12,1110
ITZZZ,NA,NA,NA,Extra-Regio NUTS 3,3,12,1111
CY,Κύπρος ,NA,NA,NA,0,13,1112
CY0,NA,Κύπρος,NA,NA,1,13,1113
CY00,NA,NA,Κύπρος,NA,2,13,1114
CY000,NA,NA,NA,Κύπρος,3,13,1115
CYZ,NA,Extra-Regio NUTS 1,NA,NA,1,13,1116
CYZZ,NA,NA,Extra-Regio NUTS 2,NA,2,13,1117
CYZZZ,NA,NA,NA,Extra-Regio NUTS 3,3,13,1118
LV,Latvija,NA,NA,NA,0,14,1119
LV0,NA,Latvija,NA,NA,1,14,1120
LV00,NA,NA,Latvija,NA,2,14,1121
LV003,NA,NA,NA,Kurzeme,3,14,1122
LV005,NA,NA,NA,Latgale,3,14,1123
LV006,NA,NA,NA,Rīga,3,14,1124
LV007,NA,NA,NA,Pierīga,3,14,1125
LV008,NA,NA,NA,Vidzeme,3,14,1126
LV009,NA,NA,NA,Zemgale,3,14,1127
LVZ,NA,Extra-Regio NUTS 1,NA,NA,1,14,1128
LVZZ,NA,NA,Extra-Regio NUTS 2,NA,2,14,1129
LVZZZ,NA,NA,NA,Extra-Regio NUTS 3,3,14,1130
LT,Lietuva,NA,NA,NA,0,15,1131
LT0,NA,Lietuva,NA,NA,1,15,1132
LT01,NA,NA,Sostinės regionas,NA,2,15,1133
LT011,NA,NA,NA,Vilniaus apskritis,3,15,1134
LT02,NA,NA,Vidurio ir vakarų Lietuvos regionas,NA,2,15,1135
LT021,NA,NA,NA,Alytaus apskritis,3,15,1136
LT022,NA,NA,NA,Kauno apskritis,3,15,1137
LT023,NA,NA,NA,Klaipėdos apskritis,3,15,1138
LT024,NA,NA,NA,Marijampolės apskritis,3,15,1139
LT025,NA,NA,NA,Panevėžio apskritis,3,15,1140
LT026,NA,NA,NA,Šiaulių apskritis,3,15,1141
LT027,NA,NA,NA,Tauragės apskritis,3,15,1142
LT028,NA,NA,NA,Telšių apskritis,3,15,1143
LT029,NA,NA,NA,Utenos apskritis,3,15,1144
LTZ,NA,Extra-Regio NUTS 1,NA,NA,1,15,1145
LTZZ,NA,NA,Extra-Regio NUTS 2,NA,2,15,1146
LTZZZ,NA,NA,NA,Extra-Regio NUTS 3,3,15,1147
LU,Luxembourg,NA,NA,NA,0,16,1148
LU0,NA,Luxembourg,NA,NA,1,16,1149
LU00,NA,NA,Luxembourg,NA,2,16,1150
LU000,NA,NA,NA,Luxembourg,3,16,1151
LUZ,NA,Extra-Regio NUTS 1,NA,NA,1,16,1152
LUZZ,NA,NA,Extra-Regio NUTS 2,NA,2,16,1153
LUZZZ,NA,NA,NA,Extra-Regio NUTS 3,3,16,1154
HU,Magyarország,NA,NA,NA,0,17,1155
HU1,NA,Közép-Magyarország,NA,NA,1,17,1156
HU11,NA,NA,Budapest,NA,2,17,1157
HU110,NA,NA,NA,Budapest,3,17,1158
HU12,NA,NA,Pest,NA,2,17,1159
HU120,NA,NA,NA,Pest,3,17,1160
HU2,NA,Dunántúl,NA,NA,1,17,1161
HU21,NA,NA,Közép-Dunántúl,NA,2,17,1162
HU211,NA,NA,NA,Fejér,3,17,1163
HU212,NA,NA,NA,Komárom-Esztergom,3,17,1164
HU213,NA,NA,NA,Veszprém,3,17,1165
HU22,NA,NA,Nyugat-Dunántúl,NA,2,17,1166
HU221,NA,NA,NA,Győr-Moson-Sopron,3,17,1167
HU222,NA,NA,NA,Vas,3,17,1168
HU223,NA,NA,NA,Zala,3,17,1169
HU23,NA,NA,Dél-Dunántúl,NA,2,17,1170
HU231,NA,NA,NA,Baranya,3,17,1171
HU232,NA,NA,NA,Somogy,3,17,1172
HU233,NA,NA,NA,Tolna,3,17,1173
HU3,NA,Alföld és Észak,NA,NA,1,17,1174
HU31,NA,NA,Észak-Magyarország,NA,2,17,1175
HU311,NA,NA,NA,Borsod-Abaúj-Zemplén,3,17,1176
HU312,NA,NA,NA,Heves,3,17,1177
HU313,NA,NA,NA,Nógrád,3,17,1178
HU32,NA,NA,Észak-Alföld,NA,2,17,1179
HU321,NA,NA,NA,Hajdú-Bihar,3,17,1180
HU322,NA,NA,NA,Jász-Nagykun-Szolnok,3,17,1181
HU323,NA,NA,NA,Szabolcs-Szatmár-Bereg,3,17,1182
HU33,NA,NA,Dél-Alföld,NA,2,17,1183
HU331,NA,NA,NA,Bács-Kiskun,3,17,1184
HU332,NA,NA,NA,Békés,3,17,1185
HU333,NA,NA,NA,Csongrád,3,17,1186
HUZ,NA,Extra-Regio NUTS 1,NA,NA,1,17,1187
HUZZ,NA,NA,Extra-Regio NUTS 2,NA,2,17,1188
HUZZZ,NA,NA,NA,Extra-Regio NUTS 3,3,17,1189
MT,Malta,NA,NA,NA,0,18,1190
MT0,NA,Malta,NA,NA,1,18,1191
MT00,NA,NA,Malta,NA,2,18,1192
MT001,NA,NA,NA,Malta,3,18,1193
MT002,NA,NA,NA,Gozo and Comino/Għawdex u Kemmuna,3,18,1194
MTZ,NA,Extra-Regio NUTS 1,NA,NA,1,18,1195
MTZZ,NA,NA,Extra-Regio NUTS 2,NA,2,18,1196
MTZZZ,NA,NA,NA,Extra-Regio NUTS 3,3,18,1197
NL,Nederland,NA,NA,NA,0,19,1198
NL1,NA,Noord-Nederland,NA,NA,1,19,1199
NL11,NA,NA,Groningen,NA,2,19,1200
NL111,NA,NA,NA,Oost-Groningen,3,19,1201
NL112,NA,NA,NA,Delfzijl en omgeving,3,19,1202
NL113,NA,NA,NA,Overig Groningen,3,19,1203
NL12,NA,NA,Friesland (NL),NA,2,19,1204
NL124,NA,NA,NA,Noord-Friesland,3,19,1205
NL125,NA,NA,NA,Zuidwest-Friesland,3,19,1206
NL126,NA,NA,NA,Zuidoost-Friesland,3,19,1207
NL13,NA,NA,Drenthe,NA,2,19,1208
NL131,NA,NA,NA,Noord-Drenthe,3,19,1209
NL132,NA,NA,NA,Zuidoost-Drenthe,3,19,1210
NL133,NA,NA,NA,Zuidwest-Drenthe,3,19,1211
NL2,NA,Oost-Nederland,NA,NA,1,19,1212
NL21,NA,NA,Overijssel,NA,2,19,1213
NL211,NA,NA,NA,Noord-Overijssel,3,19,1214
NL212,NA,NA,NA,Zuidwest-Overijssel,3,19,1215
NL213,NA,NA,NA,Twente,3,19,1216
NL22,NA,NA,Gelderland,NA,2,19,1217
NL221,NA,NA,NA,Veluwe,3,19,1218
NL224,NA,NA,NA,Zuidwest-Gelderland,3,19,1219
NL225,NA,NA,NA,Achterhoek,3,19,1220
NL226,NA,NA,NA,Arnhem/Nijmegen,3,19,1221
NL23,NA,NA,Flevoland,NA,2,19,1222
NL230,NA,NA,NA,Flevoland,3,19,1223
NL3,NA,West-Nederland,NA,NA,1,19,1224
NL31,NA,NA,Utrecht,NA,2,19,1225
NL310,NA,NA,NA,Utrecht,3,19,1226
NL32,NA,NA,Noord-Holland,NA,2,19,1227
NL321,NA,NA,NA,Kop van Noord-Holland,3,19,1228
NL323,NA,NA,NA,IJmond,3,19,1229
NL324,NA,NA,NA,Agglomeratie Haarlem,3,19,1230
NL325,NA,NA,NA,Zaanstreek,3,19,1231
NL327,NA,NA,NA,Het Gooi en Vechtstreek,3,19,1232
NL328,NA,NA,NA,Alkmaar en omgeving,3,19,1233
NL329,NA,NA,NA,Groot-Amsterdam,3,19,1234
NL33,NA,NA,Zuid-Holland,NA,2,19,1235
NL332,NA,NA,NA,Agglomeratie ’s-Gravenhage,3,19,1236
NL333,NA,NA,NA,Delft en Westland,3,19,1237
NL337,NA,NA,NA,Agglomeratie Leiden en Bollenstreek,3,19,1238
NL33A,NA,NA,NA,Zuidoost-Zuid-Holland,3,19,1239
NL33B,NA,NA,NA,Oost-Zuid-Holland,3,19,1240
NL33C,NA,NA,NA,Groot-Rijnmond,3,19,1241
NL34,NA,NA,Zeeland,NA,2,19,1242
NL341,NA,NA,NA,Zeeuwsch-Vlaanderen,3,19,1243
NL342,NA,NA,NA,Overig Zeeland,3,19,1244
NL4,NA,Zuid-Nederland,NA,NA,1,19,1245
NL41,NA,NA,Noord-Brabant,NA,2,19,1246
NL411,NA,NA,NA,West-Noord-Brabant,3,19,1247
NL412,NA,NA,NA,Midden-Noord-Brabant,3,19,1248
NL413,NA,NA,NA,Noordoost-Noord-Brabant,3,19,1249
NL414,NA,NA,NA,Zuidoost-Noord-Brabant,3,19,1250
NL42,NA,NA,Limburg (NL),NA,2,19,1251
NL421,NA,NA,NA,Noord-Limburg,3,19,1252
NL422,NA,NA,NA,Midden-Limburg,3,19,1253
NL423,NA,NA,NA,Zuid-Limburg,3,19,1254
NLZ,NA,Extra-Regio NUTS 1,NA,NA,1,19,1255
NLZZ,NA,NA,Extra-Regio NUTS 2,NA,2,19,1256
NLZZZ,NA,NA,NA,Extra-Regio NUTS 3,3,19,1257
AT,Österreich,NA,NA,NA,0,20,1258
AT1,NA,Ostösterreich,NA,NA,1,20,1259
AT11,NA,NA,Burgenland,NA,2,20,1260
AT111,NA,NA,NA,Mittelburgenland,3,20,1261
AT112,NA,NA,NA,Nordburgenland,3,20,1262
AT113,NA,NA,NA,Südburgenland,3,20,1263
AT12,NA,NA,Niederösterreich,NA,2,20,1264
AT121,NA,NA,NA,Mostviertel-Eisenwurzen,3,20,1265
AT122,NA,NA,NA,Niederösterreich-Süd,3,20,1266
AT123,NA,NA,NA,Sankt Pölten,3,20,1267
AT124,NA,NA,NA,Waldviertel,3,20,1268
AT125,NA,NA,NA,Weinviertel,3,20,1269
AT126,NA,NA,NA,Wiener Umland/Nordteil,3,20,1270
AT127,NA,NA,NA,Wiener Umland/Südteil,3,20,1271
AT13,NA,NA,Wien,NA,2,20,1272
AT130,NA,NA,NA,Wien,3,20,1273
AT2,NA,Südösterreich,NA,NA,1,20,1274
AT21,NA,NA,Kärnten,NA,2,20,1275
AT211,NA,NA,NA,Klagenfurt-Villach,3,20,1276
AT212,NA,NA,NA,Oberkärnten,3,20,1277
AT213,NA,NA,NA,Unterkärnten,3,20,1278
AT22,NA,NA,Steiermark,NA,2,20,1279
AT221,NA,NA,NA,Graz,3,20,1280
AT222,NA,NA,NA,Liezen,3,20,1281
AT223,NA,NA,NA,Östliche Obersteiermark,3,20,1282
AT224,NA,NA,NA,Oststeiermark,3,20,1283
AT225,NA,NA,NA,West- und Südsteiermark,3,20,1284
AT226,NA,NA,NA,Westliche Obersteiermark,3,20,1285
AT3,NA,Westösterreich,NA,NA,1,20,1286
AT31,NA,NA,Oberösterreich,NA,2,20,1287
AT311,NA,NA,NA,Innviertel,3,20,1288
AT312,NA,NA,NA,Linz-Wels,3,20,1289
AT313,NA,NA,NA,Mühlviertel,3,20,1290
AT314,NA,NA,NA,Steyr-Kirchdorf,3,20,1291
AT315,NA,NA,NA,Traunviertel,3,20,1292
AT32,NA,NA,Salzburg,NA,2,20,1293
AT321,NA,NA,NA,Lungau,3,20,1294
AT322,NA,NA,NA,Pinzgau-Pongau,3,20,1295
AT323,NA,NA,NA,Salzburg und Umgebung,3,20,1296
AT33,NA,NA,Tirol,NA,2,20,1297
AT331,NA,NA,NA,Außerfern,3,20,1298
AT332,NA,NA,NA,Innsbruck,3,20,1299
AT333,NA,NA,NA,Osttirol,3,20,1300
AT334,NA,NA,NA,Tiroler Oberland,3,20,1301
AT335,NA,NA,NA,Tiroler Unterland,3,20,1302
AT34,NA,NA,Vorarlberg,NA,2,20,1303
AT341,NA,NA,NA,Bludenz-Bregenzer Wald,3,20,1304
AT342,NA,NA,NA,Rheintal-Bodenseegebiet,3,20,1305
ATZ,NA,Extra-Regio NUTS 1,NA,NA,1,20,1306
ATZZ,NA,NA,Extra-Regio NUTS 2,NA,2,20,1307
ATZZZ,NA,NA,NA,Extra-Regio NUTS 3,3,20,1308
PL,Polska,NA,NA,NA,0,21,1309
PL2,NA,Makroregion południowy,NA,NA,1,21,1310
PL21,NA,NA,Małopolskie,NA,2,21,1311
PL213,NA,NA,NA,Miasto Kraków,3,21,1312
PL214,NA,NA,NA,Krakowski,3,21,1313
PL217,NA,NA,NA,Tarnowski,3,21,1314
PL218,NA,NA,NA,Nowosądecki,3,21,1315
PL219,NA,NA,NA,Nowotarski,3,21,1316
PL21A,NA,NA,NA,Oświęcimski,3,21,1317
PL22,NA,NA,Śląskie,NA,2,21,1318
PL224,NA,NA,NA,Częstochowski,3,21,1319
PL225,NA,NA,NA,Bielski,3,21,1320
PL227,NA,NA,NA,Rybnicki,3,21,1321
PL228,NA,NA,NA,Bytomski,3,21,1322
PL229,NA,NA,NA,Gliwicki,3,21,1323
PL22A,NA,NA,NA,Katowicki,3,21,1324
PL22B,NA,NA,NA,Sosnowiecki,3,21,1325
PL22C,NA,NA,NA,Tyski,3,21,1326
PL4,NA,Makroregion północno-zachodni,NA,NA,1,21,1327
PL41,NA,NA,Wielkopolskie,NA,2,21,1328
PL411,NA,NA,NA,Pilski,3,21,1329
PL414,NA,NA,NA,Koniński,3,21,1330
PL415,NA,NA,NA,Miasto Poznań,3,21,1331
PL416,NA,NA,NA,Kaliski,3,21,1332
PL417,NA,NA,NA,Leszczyński,3,21,1333
PL418,NA,NA,NA,Poznański,3,21,1334
PL42,NA,NA,Zachodniopomorskie,NA,2,21,1335
PL424,NA,NA,NA,Miasto Szczecin,3,21,1336
PL426,NA,NA,NA,Koszaliński,3,21,1337
PL427,NA,NA,NA,Szczecinecko-pyrzycki,3,21,1338
PL428,NA,NA,NA,Szczeciński,3,21,1339
PL43,NA,NA,Lubuskie,NA,2,21,1340
PL431,NA,NA,NA,Gorzowski,3,21,1341
PL432,NA,NA,NA,Zielonogórski,3,21,1342
PL5,NA,Makroregion południowo-zachodni,NA,NA,1,21,1343
PL51,NA,NA,Dolnośląskie,NA,2,21,1344
PL514,NA,NA,NA,Miasto Wrocław,3,21,1345
PL515,NA,NA,NA,Jeleniogórski,3,21,1346
PL516,NA,NA,NA,Legnicko-głogowski,3,21,1347
PL517,NA,NA,NA,Wałbrzyski,3,21,1348
PL518,NA,NA,NA,Wrocławski,3,21,1349
PL52,NA,NA,Opolskie,NA,2,21,1350
PL523,NA,NA,NA,Nyski,3,21,1351
PL524,NA,NA,NA,Opolski,3,21,1352
PL6,NA,Makroregion północny,NA,NA,1,21,1353
PL61,NA,NA,Kujawsko-pomorskie,NA,2,21,1354
PL613,NA,NA,NA,Bydgosko-toruński,3,21,1355
PL616,NA,NA,NA,Grudziądzki,3,21,1356
PL617,NA,NA,NA,Inowrocławski,3,21,1357
PL618,NA,NA,NA,Świecki,3,21,1358
PL619,NA,NA,NA,Włocławski,3,21,1359
PL62,NA,NA,Warmińsko-mazurskie,NA,2,21,1360
PL621,NA,NA,NA,Elbląski,3,21,1361
PL622,NA,NA,NA,Olsztyński,3,21,1362
PL623,NA,NA,NA,Ełcki,3,21,1363
PL63,NA,NA,Pomorskie,NA,2,21,1364
PL633,NA,NA,NA,Trójmiejski,3,21,1365
PL634,NA,NA,NA,Gdański,3,21,1366
PL636,NA,NA,NA,Słupski,3,21,1367
PL637,NA,NA,NA,Chojnicki,3,21,1368
PL638,NA,NA,NA,Starogardzki,3,21,1369
PL7,NA,Makroregion centralny,NA,NA,1,21,1370
PL71,NA,NA,Łódzkie,NA,2,21,1371
PL711,NA,NA,NA,Miasto Łódź,3,21,1372
PL712,NA,NA,NA,Łódzki,3,21,1373
PL713,NA,NA,NA,Piotrkowski,3,21,1374
PL714,NA,NA,NA,Sieradzki,3,21,1375
PL715,NA,NA,NA,Skierniewicki,3,21,1376
PL72,NA,NA,Świętokrzyskie,NA,2,21,1377
PL721,NA,NA,NA,Kielecki,3,21,1378
PL722,NA,NA,NA,Sandomiersko-jędrzejowski,3,21,1379
PL8,NA,Makroregion wschodni,NA,NA,1,21,1380
PL81,NA,NA,Lubelskie,NA,2,21,1381
PL811,NA,NA,NA,Bialski,3,21,1382
PL812,NA,NA,NA,Chełmsko-zamojski,3,21,1383
PL814,NA,NA,NA,Lubelski,3,21,1384
PL815,NA,NA,NA,Puławski,3,21,1385
PL82,NA,NA,Podkarpackie,NA,2,21,1386
PL821,NA,NA,NA,Krośnieński,3,21,1387
PL822,NA,NA,NA,Przemyski,3,21,1388
PL823,NA,NA,NA,Rzeszowski,3,21,1389
PL824,NA,NA,NA,Tarnobrzeski,3,21,1390
PL84,NA,NA,Podlaskie,NA,2,21,1391
PL841,NA,NA,NA,Białostocki,3,21,1392
PL842,NA,NA,NA,Łomżyński,3,21,1393
PL843,NA,NA,NA,Suwalski,3,21,1394
PL9,NA,Makroregion województwo mazowieckie,NA,NA,1,21,1395
PL91,NA,NA,Warszawski stołeczny,NA,2,21,1396
PL911,NA,NA,NA,Miasto Warszawa,3,21,1397
PL912,NA,NA,NA,Warszawski wschodni,3,21,1398
PL913,NA,NA,NA,Warszawski zachodni,3,21,1399
PL92,NA,NA,Mazowiecki regionalny,NA,2,21,1400
PL921,NA,NA,NA,Radomski,3,21,1401
PL922,NA,NA,NA,Ciechanowski,3,21,1402
PL923,NA,NA,NA,Płocki,3,21,1403
PL924,NA,NA,NA,Ostrołęcki,3,21,1404
PL925,NA,NA,NA,Siedlecki,3,21,1405
PL926,NA,NA,NA,Żyrardowski,3,21,1406
PLZ,NA,Extra-Regio NUTS 1,NA,NA,1,21,1407
PLZZ,NA,NA,Extra-Regio NUTS 2,NA,2,21,1408
PLZZZ,NA,NA,NA,Extra-Regio NUTS 3,3,21,1409
PT,Portugal,NA,NA,NA,0,22,1410
PT1,NA,Continente,NA,NA,1,22,1411
PT11,NA,NA,Norte,NA,2,22,1412
PT111,NA,NA,NA,Alto Minho,3,22,1413
PT112,NA,NA,NA,Cávado,3,22,1414
PT119,NA,NA,NA,Ave,3,22,1415
PT11A,NA,NA,NA,Área Metropolitana do Porto,3,22,1416
PT11B,NA,NA,NA,Alto Tâmega,3,22,1417
PT11C,NA,NA,NA,Tâmega e Sousa,3,22,1418
PT11D,NA,NA,NA,Douro,3,22,1419
PT11E,NA,NA,NA,Terras de Trás-os-Montes,3,22,1420
PT15,NA,NA,Algarve,NA,2,22,1421
PT150,NA,NA,NA,Algarve,3,22,1422
PT16,NA,NA,Centro (PT),NA,2,22,1423
PT16B,NA,NA,NA,Oeste,3,22,1424
PT16D,NA,NA,NA,Região de Aveiro,3,22,1425
PT16E,NA,NA,NA,Região de Coimbra,3,22,1426
PT16F,NA,NA,NA,Região de Leiria,3,22,1427
PT16G,NA,NA,NA,Viseu Dão Lafões,3,22,1428
PT16H,NA,NA,NA,Beira Baixa,3,22,1429
PT16I,NA,NA,NA,Médio Tejo,3,22,1430
PT16J,NA,NA,NA,Beiras e Serra da Estrela,3,22,1431
PT17,NA,NA,Área Metropolitana de Lisboa,NA,2,22,1432
PT170,NA,NA,NA,Área Metropolitana de Lisboa,3,22,1433
PT18,NA,NA,Alentejo,NA,2,22,1434
PT181,NA,NA,NA,Alentejo Litoral,3,22,1435
PT184,NA,NA,NA,Baixo Alentejo,3,22,1436
PT185,NA,NA,NA,Lezíria do Tejo,3,22,1437
PT186,NA,NA,NA,Alto Alentejo,3,22,1438
PT187,NA,NA,NA,Alentejo Central,3,22,1439
PT2,NA,Região Autónoma dos Açores,NA,NA,1,22,1440
PT20,NA,NA,Região Autónoma dos Açores,NA,2,22,1441
PT200,NA,NA,NA,Região Autónoma dos Açores,3,22,1442
PT3,NA,Região Autónoma da Madeira,NA,NA,1,22,1443
PT30,NA,NA,Região Autónoma da Madeira,NA,2,22,1444
PT300,NA,NA,NA,Região Autónoma da Madeira,3,22,1445
PTZ,NA,Extra-Regio NUTS 1,NA,NA,1,22,1446
PTZZ,NA,NA,Extra-Regio NUTS 2,NA,2,22,1447
PTZZZ,NA,NA,NA,Extra-Regio NUTS 3,3,22,1448
RO,România,NA,NA,NA,0,23,1449
RO1,NA,Macroregiunea Unu,NA,NA,1,23,1450
RO11,NA,NA,Nord-Vest,NA,2,23,1451
RO111,NA,NA,NA,Bihor,3,23,1452
RO112,NA,NA,NA,Bistriţa-Năsăud,3,23,1453
RO113,NA,NA,NA,Cluj,3,23,1454
RO114,NA,NA,NA,Maramureş,3,23,1455
RO115,NA,NA,NA,Satu Mare,3,23,1456
RO116,NA,NA,NA,Sălaj,3,23,1457
RO12,NA,NA,Centru,NA,2,23,1458
RO121,NA,NA,NA,Alba,3,23,1459
RO122,NA,NA,NA,Braşov,3,23,1460
RO123,NA,NA,NA,Covasna,3,23,1461
RO124,NA,NA,NA,Harghita,3,23,1462
RO125,NA,NA,NA,Mureş,3,23,1463
RO126,NA,NA,NA,Sibiu,3,23,1464
RO2,NA,Macroregiunea Doi,NA,NA,1,23,1465
RO21,NA,NA,Nord-Est,NA,2,23,1466
RO211,NA,NA,NA,Bacău,3,23,1467
RO212,NA,NA,NA,Botoşani,3,23,1468
RO213,NA,NA,NA,Iaşi,3,23,1469
RO214,NA,NA,NA,Neamţ,3,23,1470
RO215,NA,NA,NA,Suceava,3,23,1471
RO216,NA,NA,NA,Vaslui,3,23,1472
RO22,NA,NA,Sud-Est,NA,2,23,1473
RO221,NA,NA,NA,Brăila,3,23,1474
RO222,NA,NA,NA,Buzău,3,23,1475
RO223,NA,NA,NA,Constanţa,3,23,1476
RO224,NA,NA,NA,Galaţi,3,23,1477
RO225,NA,NA,NA,Tulcea,3,23,1478
RO226,NA,NA,NA,Vrancea,3,23,1479
RO3,NA,Macroregiunea Trei,NA,NA,1,23,1480
RO31,NA,NA,Sud-Muntenia,NA,2,23,1481
RO311,NA,NA,NA,Argeş,3,23,1482
RO312,NA,NA,NA,Călăraşi,3,23,1483
RO313,NA,NA,NA,Dâmboviţa,3,23,1484
RO314,NA,NA,NA,Giurgiu,3,23,1485
RO315,NA,NA,NA,Ialomiţa,3,23,1486
RO316,NA,NA,NA,Prahova,3,23,1487
RO317,NA,NA,NA,Teleorman,3,23,1488
RO32,NA,NA,Bucureşti-Ilfov,NA,2,23,1489
RO321,NA,NA,NA,Bucureşti,3,23,1490
RO322,NA,NA,NA,Ilfov,3,23,1491
RO4,NA,Macroregiunea Patru,NA,NA,1,23,1492
RO41,NA,NA,Sud-Vest Oltenia,NA,2,23,1493
RO411,NA,NA,NA,Dolj,3,23,1494
RO412,NA,NA,NA,Gorj,3,23,1495
RO413,NA,NA,NA,Mehedinţi,3,23,1496
RO414,NA,NA,NA,Olt,3,23,1497
RO415,NA,NA,NA,Vâlcea,3,23,1498
RO42,NA,NA,Vest,NA,2,23,1499
RO421,NA,NA,NA,Arad,3,23,1500
RO422,NA,NA,NA,Caraş-Severin,3,23,1501
RO423,NA,NA,NA,Hunedoara,3,23,1502
RO424,NA,NA,NA,Timiş,3,23,1503
ROZ,NA,Extra-Regio NUTS 1,NA,NA,1,23,1504
ROZZ,NA,NA,Extra-Regio NUTS 2,NA,2,23,1505
ROZZZ,NA,NA,NA,Extra-Regio NUTS 3,3,23,1506
SI,Slovenija,NA,NA,NA,0,24,1507
SI0,NA,Slovenija,NA,NA,1,24,1508
SI03,NA,NA,Vzhodna Slovenija,NA,2,24,1509
SI031,NA,NA,NA,Pomurska,3,24,1510
SI032,NA,NA,NA,Podravska,3,24,1511
SI033,NA,NA,NA,Koroška,3,24,1512
SI034,NA,NA,NA,Savinjska,3,24,1513
SI035,NA,NA,NA,Zasavska,3,24,1514
SI036,NA,NA,NA,Posavska,3,24,1515
SI037,NA,NA,NA,Jugovzhodna Slovenija,3,24,1516
SI038,NA,NA,NA,Primorsko-notranjska,3,24,1517
SI04,NA,NA,Zahodna Slovenija,NA,2,24,1518
SI041,NA,NA,NA,Osrednjeslovenska,3,24,1519
SI042,NA,NA,NA,Gorenjska,3,24,1520
SI043,NA,NA,NA,Goriška,3,24,1521
SI044,NA,NA,NA,Obalno-kraška,3,24,1522
SIZ,NA,Extra-Regio NUTS 1,NA,NA,1,24,1523
SIZZ,NA,NA,Extra-Regio NUTS 2,NA,2,24,1524
SIZZZ,NA,NA,NA,Extra-Regio NUTS 3,3,24,1525
SK,Slovensko,NA,NA,NA,0,25,1526
SK0,NA,Slovensko,NA,NA,1,25,1527
SK01,NA,NA,Bratislavský kraj,NA,2,25,1528
SK010,NA,NA,NA,Bratislavský kraj,3,25,1529
SK02,NA,NA,Západné Slovensko,NA,2,25,1530
SK021,NA,NA,NA,Trnavský kraj,3,25,1531
SK022,NA,NA,NA,Trenčiansky kraj,3,25,1532
SK023,NA,NA,NA,Nitriansky kraj,3,25,1533
SK03,NA,NA,Stredné Slovensko,NA,2,25,1534
SK031,NA,NA,NA,Žilinský kraj,3,25,1535
SK032,NA,NA,NA,Banskobystrický kraj,3,25,1536
SK04,NA,NA,Východné Slovensko,NA,2,25,1537
SK041,NA,NA,NA,Prešovský kraj,3,25,1538
SK042,NA,NA,NA,Košický kraj,3,25,1539
SKZ,NA,Extra-Regio NUTS 1,NA,NA,1,25,1540
SKZZ,NA,NA,Extra-Regio NUTS 2,NA,2,25,1541
SKZZZ,NA,NA,NA,Extra-Regio NUTS 3,3,25,1542
FI,Suomi/Finland,NA,NA,NA,0,26,1543
FI1,NA,Manner-Suomi,NA,NA,1,26,1544
FI19,NA,NA,Länsi-Suomi,NA,2,26,1545
FI193,NA,NA,NA,Keski-Suomi,3,26,1546
FI194,NA,NA,NA,Etelä-Pohjanmaa,3,26,1547
FI195,NA,NA,NA,Pohjanmaa,3,26,1548
FI196,NA,NA,NA,Satakunta,3,26,1549
FI197,NA,NA,NA,Pirkanmaa,3,26,1550
FI1B,NA,NA,Helsinki-Uusimaa,NA,2,26,1551
FI1B1,NA,NA,NA,Helsinki-Uusimaa,3,26,1552
FI1C,NA,NA,Etelä-Suomi,NA,2,26,1553
FI1C1,NA,NA,NA,Varsinais-Suomi,3,26,1554
FI1C2,NA,NA,NA,Kanta-Häme,3,26,1555
FI1C3,NA,NA,NA,Päijät-Häme,3,26,1556
FI1C4,NA,NA,NA,Kymenlaakso,3,26,1557
FI1C5,NA,NA,NA,Etelä-Karjala,3,26,1558
FI1D,NA,NA,Pohjois- ja Itä-Suomi,NA,2,26,1559
FI1D1,NA,NA,NA,Etelä-Savo,3,26,1560
FI1D2,NA,NA,NA,Pohjois-Savo,3,26,1561
FI1D3,NA,NA,NA,Pohjois-Karjala,3,26,1562
FI1D5,NA,NA,NA,Keski-Pohjanmaa,3,26,1563
FI1D7,NA,NA,NA,Lappi,3,26,1564
FI1D8,NA,NA,NA,Kainuu,3,26,1565
FI1D9,NA,NA,NA,Pohjois-Pohjanmaa,3,26,1566
FI2,NA,Åland,NA,NA,1,26,1567
FI20,NA,NA,Åland,NA,2,26,1568
FI200,NA,NA,NA,Åland,3,26,1569
FIZ,NA,Extra-Regio NUTS 1,NA,NA,1,26,1570
FIZZ,NA,NA,Extra-Regio NUTS 2,NA,2,26,1571
FIZZZ,NA,NA,NA,Extra-Regio NUTS 3,3,26,1572
SE,Sverige,NA,NA,NA,0,27,1573
SE1,NA,Östra Sverige,NA,NA,1,27,1574
SE11,NA,NA,Stockholm,NA,2,27,1575
SE110,NA,NA,NA,Stockholms län,3,27,1576
SE12,NA,NA,Östra Mellansverige,NA,2,27,1577
SE121,NA,NA,NA,Uppsala län,3,27,1578
SE122,NA,NA,NA,Södermanlands län,3,27,1579
SE123,NA,NA,NA,Östergötlands län,3,27,1580
SE124,NA,NA,NA,Örebro län,3,27,1581
SE125,NA,NA,NA,Västmanlands län,3,27,1582
SE2,NA,Södra Sverige,NA,NA,1,27,1583
SE21,NA,NA,Småland med öarna,NA,2,27,1584
SE211,NA,NA,NA,Jönköpings län,3,27,1585
SE212,NA,NA,NA,Kronobergs län,3,27,1586
SE213,NA,NA,NA,Kalmar län,3,27,1587
SE214,NA,NA,NA,Gotlands län,3,27,1588
SE22,NA,NA,Sydsverige,NA,2,27,1589
SE221,NA,NA,NA,Blekinge län,3,27,1590
SE224,NA,NA,NA,Skåne län,3,27,1591
SE23,NA,NA,Västsverige,NA,2,27,1592
SE231,NA,NA,NA,Hallands län,3,27,1593
SE232,NA,NA,NA,Västra Götalands län,3,27,1594
SE3,NA,Norra Sverige,NA,NA,1,27,1595
SE31,NA,NA,Norra Mellansverige,NA,2,27,1596
SE311,NA,NA,NA,Värmlands län,3,27,1597
SE312,NA,NA,NA,Dalarnas län,3,27,1598
SE313,NA,NA,NA,Gävleborgs län,3,27,1599
SE32,NA,NA,Mellersta Norrland,NA,2,27,1600
SE321,NA,NA,NA,Västernorrlands län,3,27,1601
SE322,NA,NA,NA,Jämtlands län,3,27,1602
SE33,NA,NA,Övre Norrland,NA,2,27,1603
SE331,NA,NA,NA,Västerbottens län,3,27,1604
SE332,NA,NA,NA,Norrbottens län,3,27,1605
SEZ,NA,Extra-Regio NUTS 1,NA,NA,1,27,1606
SEZZ,NA,NA,Extra-Regio NUTS 2,NA,2,27,1607
SEZZZ,NA,NA,NA,Extra-Regio NUTS 3,3,27,1608
UK,United Kingdom,NA,NA,NA,0,28,1609
UKC,NA,North East (England),NA,NA,1,28,1610
UKC1,NA,NA,Tees Valley and Durham,NA,2,28,1611
UKC11,NA,NA,NA,Hartlepool and Stockton-on-Tees,3,28,1612
UKC12,NA,NA,NA,South Teesside,3,28,1613
UKC13,NA,NA,NA,Darlington,3,28,1614
UKC14,NA,NA,NA,Durham CC,3,28,1615
UKC2,NA,NA,Northumberland and Tyne and Wear,NA,2,28,1616
UKC21,NA,NA,NA,Northumberland,3,28,1617
UKC22,NA,NA,NA,Tyneside,3,28,1618
UKC23,NA,NA,NA,Sunderland,3,28,1619
UKD,NA,North West (England),NA,NA,1,28,1620
UKD1,NA,NA,Cumbria,NA,2,28,1621
UKD11,NA,NA,NA,West Cumbria,3,28,1622
UKD12,NA,NA,NA,East Cumbria,3,28,1623
UKD3,NA,NA,Greater Manchester,NA,2,28,1624
UKD33,NA,NA,NA,Manchester,3,28,1625
UKD34,NA,NA,NA,Greater Manchester South West,3,28,1626
UKD35,NA,NA,NA,Greater Manchester South East,3,28,1627
UKD36,NA,NA,NA,Greater Manchester North West,3,28,1628
UKD37,NA,NA,NA,Greater Manchester North East,3,28,1629
UKD4,NA,NA,Lancashire,NA,2,28,1630
UKD41,NA,NA,NA,Blackburn with Darwen,3,28,1631
UKD42,NA,NA,NA,Blackpool,3,28,1632
UKD44,NA,NA,NA,Lancaster and Wyre,3,28,1633
UKD45,NA,NA,NA,Mid Lancashire,3,28,1634
UKD46,NA,NA,NA,East Lancashire,3,28,1635
UKD47,NA,NA,NA,Chorley and West Lancashire,3,28,1636
UKD6,NA,NA,Cheshire,NA,2,28,1637
UKD61,NA,NA,NA,Warrington,3,28,1638
UKD62,NA,NA,NA,Cheshire East,3,28,1639
UKD63,NA,NA,NA,Cheshire West and Chester,3,28,1640
UKD7,NA,NA,Merseyside,NA,2,28,1641
UKD71,NA,NA,NA,East Merseyside,3,28,1642
UKD72,NA,NA,NA,Liverpool,3,28,1643
UKD73,NA,NA,NA,Sefton,3,28,1644
UKD74,NA,NA,NA,Wirral,3,28,1645
UKE,NA,Yorkshire and the Humber,NA,NA,1,28,1646
UKE1,NA,NA,East Yorkshire and Northern Lincolnshire,NA,2,28,1647
UKE11,NA,NA,NA,"Kingston upon Hull, City of",3,28,1648
UKE12,NA,NA,NA,East Riding of Yorkshire,3,28,1649
UKE13,NA,NA,NA,North and North East Lincolnshire,3,28,1650
UKE2,NA,NA,North Yorkshire,NA,2,28,1651
UKE21,NA,NA,NA,York,3,28,1652
UKE22,NA,NA,NA,North Yorkshire CC,3,28,1653
UKE3,NA,NA,South Yorkshire,NA,2,28,1654
UKE31,NA,NA,NA,"Barnsley, Doncaster and Rotherham",3,28,1655
UKE32,NA,NA,NA,Sheffield,3,28,1656
UKE4,NA,NA,West Yorkshire,NA,2,28,1657
UKE41,NA,NA,NA,Bradford,3,28,1658
UKE42,NA,NA,NA,Leeds,3,28,1659
UKE44,NA,NA,NA,Calderdale and Kirklees,3,28,1660
UKE45,NA,NA,NA,Wakefield,3,28,1661
UKF,NA,East Midlands (England),NA,NA,1,28,1662
UKF1,NA,NA,Derbyshire and Nottinghamshire,NA,2,28,1663
UKF11,NA,NA,NA,Derby,3,28,1664
UKF12,NA,NA,NA,East Derbyshire,3,28,1665
UKF13,NA,NA,NA,South and West Derbyshire,3,28,1666
UKF14,NA,NA,NA,Nottingham,3,28,1667
UKF15,NA,NA,NA,North Nottinghamshire,3,28,1668
UKF16,NA,NA,NA,South Nottinghamshire,3,28,1669
UKF2,NA,NA,"Leicestershire, Rutland and Northamptonshire",NA,2,28,1670
UKF21,NA,NA,NA,Leicester,3,28,1671
UKF22,NA,NA,NA,Leicestershire CC and Rutland,3,28,1672
UKF24,NA,NA,NA,West Northamptonshire,3,28,1673
UKF25,NA,NA,NA,North Northamptonshire,3,28,1674
UKF3,NA,NA,Lincolnshire,NA,2,28,1675
UKF30,NA,NA,NA,Lincolnshire,3,28,1676
UKG,NA,West Midlands (England),NA,NA,1,28,1677
UKG1,NA,NA,"Herefordshire, Worcestershire and Warwickshire",NA,2,28,1678
UKG11,NA,NA,NA,"Herefordshire, County of",3,28,1679
UKG12,NA,NA,NA,Worcestershire,3,28,1680
UKG13,NA,NA,NA,Warwickshire,3,28,1681
UKG2,NA,NA,Shropshire and Staffordshire,NA,2,28,1682
UKG21,NA,NA,NA,Telford and Wrekin,3,28,1683
UKG22,NA,NA,NA,Shropshire CC,3,28,1684
UKG23,NA,NA,NA,Stoke-on-Trent,3,28,1685
UKG24,NA,NA,NA,Staffordshire CC,3,28,1686
UKG3,NA,NA,West Midlands,NA,2,28,1687
UKG31,NA,NA,NA,Birmingham,3,28,1688
UKG32,NA,NA,NA,Solihull,3,28,1689
UKG33,NA,NA,NA,Coventry,3,28,1690
UKG36,NA,NA,NA,Dudley,3,28,1691
UKG37,NA,NA,NA,Sandwell,3,28,1692
UKG38,NA,NA,NA,Walsall,3,28,1693
UKG39,NA,NA,NA,Wolverhampton,3,28,1694
UKH,NA,East of England,NA,NA,1,28,1695
UKH1,NA,NA,East Anglia,NA,2,28,1696
UKH11,NA,NA,NA,Peterborough,3,28,1697
UKH12,NA,NA,NA,Cambridgeshire CC,3,28,1698
UKH14,NA,NA,NA,Suffolk,3,28,1699
UKH15,NA,NA,NA,Norwich and East Norfolk,3,28,1700
UKH16,NA,NA,NA,North and West Norfolk,3,28,1701
UKH17,NA,NA,NA,Breckland and South Norfolk,3,28,1702
UKH2,NA,NA,Bedfordshire and Hertfordshire,NA,2,28,1703
UKH21,NA,NA,NA,Luton,3,28,1704
UKH23,NA,NA,NA,Hertfordshire,3,28,1705
UKH24,NA,NA,NA,Bedford,3,28,1706
UKH25,NA,NA,NA,Central Bedfordshire,3,28,1707
UKH3,NA,NA,Essex,NA,2,28,1708
UKH31,NA,NA,NA,Southend-on-Sea,3,28,1709
UKH32,NA,NA,NA,Thurrock,3,28,1710
UKH34,NA,NA,NA,Essex Haven Gateway,3,28,1711
UKH35,NA,NA,NA,West Essex,3,28,1712
UKH36,NA,NA,NA,Heart of Essex,3,28,1713
UKH37,NA,NA,NA,Essex Thames Gateway,3,28,1714
UKI,NA,London,NA,NA,1,28,1715
UKI3,NA,NA,Inner London — West,NA,2,28,1716
UKI31,NA,NA,NA,Camden and City of London,3,28,1717
UKI32,NA,NA,NA,Westminster,3,28,1718
UKI33,NA,NA,NA,Kensington & Chelsea and Hammersmith & Fulham,3,28,1719
UKI34,NA,NA,NA,Wandsworth,3,28,1720
UKI4,NA,NA,Inner London — East,NA,2,28,1721
UKI41,NA,NA,NA,Hackney and Newham,3,28,1722
UKI42,NA,NA,NA,Tower Hamlets,3,28,1723
UKI43,NA,NA,NA,Haringey and Islington,3,28,1724
UKI44,NA,NA,NA,Lewisham and Southwark,3,28,1725
UKI45,NA,NA,NA,Lambeth,3,28,1726
UKI5,NA,NA,Outer London — East and North East,NA,2,28,1727
UKI51,NA,NA,NA,Bexley and Greenwich,3,28,1728
UKI52,NA,NA,NA,Barking & Dagenham and Havering,3,28,1729
UKI53,NA,NA,NA,Redbridge and Waltham Forest,3,28,1730
UKI54,NA,NA,NA,Enfield,3,28,1731
UKI6,NA,NA,Outer London — South,NA,2,28,1732
UKI61,NA,NA,NA,Bromley,3,28,1733
UKI62,NA,NA,NA,Croydon,3,28,1734
UKI63,NA,NA,NA,"Merton, Kingston upon Thames and Sutton",3,28,1735
UKI7,NA,NA,Outer London — West and North West,NA,2,28,1736
UKI71,NA,NA,NA,Barnet,3,28,1737
UKI72,NA,NA,NA,Brent,3,28,1738
UKI73,NA,NA,NA,Ealing,3,28,1739
UKI74,NA,NA,NA,Harrow and Hillingdon,3,28,1740
UKI75,NA,NA,NA,Hounslow and Richmond upon Thames,3,28,1741
UKJ,NA,South East (England),NA,NA,1,28,1742
UKJ1,NA,NA,"Berkshire, Buckinghamshire and Oxfordshire",NA,2,28,1743
UKJ11,NA,NA,NA,Berkshire,3,28,1744
UKJ12,NA,NA,NA,Milton Keynes,3,28,1745
UKJ13,NA,NA,NA,Buckinghamshire CC,3,28,1746
UKJ14,NA,NA,NA,Oxfordshire,3,28,1747
UKJ2,NA,NA,"Surrey, East and West Sussex",NA,2,28,1748
UKJ21,NA,NA,NA,Brighton and Hove,3,28,1749
UKJ22,NA,NA,NA,East Sussex CC,3,28,1750
UKJ25,NA,NA,NA,West Surrey,3,28,1751
UKJ26,NA,NA,NA,East Surrey,3,28,1752
UKJ27,NA,NA,NA,West Sussex (South West),3,28,1753
UKJ28,NA,NA,NA,West Sussex (North East),3,28,1754
UKJ3,NA,NA,Hampshire and Isle of Wight,NA,2,28,1755
UKJ31,NA,NA,NA,Portsmouth,3,28,1756
UKJ32,NA,NA,NA,Southampton,3,28,1757
UKJ34,NA,NA,NA,Isle of Wight,3,28,1758
UKJ35,NA,NA,NA,South Hampshire,3,28,1759
UKJ36,NA,NA,NA,Central Hampshire,3,28,1760
UKJ37,NA,NA,NA,North Hampshire,3,28,1761
UKJ4,NA,NA,Kent,NA,2,28,1762
UKJ41,NA,NA,NA,Medway,3,28,1763
UKJ43,NA,NA,NA,Kent Thames Gateway,3,28,1764
UKJ44,NA,NA,NA,East Kent,3,28,1765
UKJ45,NA,NA,NA,Mid Kent,3,28,1766
UKJ46,NA,NA,NA,West Kent,3,28,1767
UKK,NA,South West (England),NA,NA,1,28,1768
UKK1,NA,NA,"Gloucestershire, Wiltshire and Bristol/Bath area",NA,2,28,1769
UKK11,NA,NA,NA,"Bristol, City of",3,28,1770
UKK12,NA,NA,NA,"Bath and North East Somerset, North Somerset and South Gloucestershire",3,28,1771
UKK13,NA,NA,NA,Gloucestershire,3,28,1772
UKK14,NA,NA,NA,Swindon,3,28,1773
UKK15,NA,NA,NA,Wiltshire CC,3,28,1774
UKK2,NA,NA,Dorset and Somerset,NA,2,28,1775
UKK23,NA,NA,NA,Somerset,3,28,1776
UKK24,NA,NA,NA,"Bournemouth, Christchurch and Poole",3,28,1777
UKK25,NA,NA,NA,Dorset,3,28,1778
UKK3,NA,NA,Cornwall and Isles of Scilly,NA,2,28,1779
UKK30,NA,NA,NA,Cornwall and Isles of Scilly,3,28,1780
UKK4,NA,NA,Devon,NA,2,28,1781
UKK41,NA,NA,NA,Plymouth,3,28,1782
UKK42,NA,NA,NA,Torbay,3,28,1783
UKK43,NA,NA,NA,Devon CC,3,28,1784
UKL,NA,Wales,NA,NA,1,28,1785
UKL1,NA,NA,West Wales and The Valleys,NA,2,28,1786
UKL11,NA,NA,NA,Isle of Anglesey,3,28,1787
UKL12,NA,NA,NA,Gwynedd,3,28,1788
UKL13,NA,NA,NA,Conwy and Denbighshire,3,28,1789
UKL14,NA,NA,NA,South West Wales,3,28,1790
UKL15,NA,NA,NA,Central Valleys,3,28,1791
UKL16,NA,NA,NA,Gwent Valleys,3,28,1792
UKL17,NA,NA,NA,Bridgend and Neath Port Talbot,3,28,1793
UKL18,NA,NA,NA,Swansea,3,28,1794
UKL2,NA,NA,East Wales,NA,2,28,1795
UKL21,NA,NA,NA,Monmouthshire and Newport,3,28,1796
UKL22,NA,NA,NA,Cardiff and Vale of Glamorgan,3,28,1797
UKL23,NA,NA,NA,Flintshire and Wrexham,3,28,1798
UKL24,NA,NA,NA,Powys,3,28,1799
UKM,NA,Scotland,NA,NA,1,28,1800
UKM5,NA,NA,North Eastern Scotland,NA,2,28,1801
UKM50,NA,NA,NA,Aberdeen City and Aberdeenshire,3,28,1802
UKM6,NA,NA,Highlands and Islands,NA,2,28,1803
UKM61,NA,NA,NA,Caithness & Sutherland and Ross & Cromarty,3,28,1804
UKM62,NA,NA,NA,"Inverness & Nairn and Moray, Badenoch & Strathspey",3,28,1805
UKM63,NA,NA,NA,"Lochaber, Skye & Lochalsh, Arran & Cumbrae and Argyll & Bute",3,28,1806
UKM64,NA,NA,NA,Na h-Eileanan Siar (Western Isles),3,28,1807
UKM65,NA,NA,NA,Orkney Islands,3,28,1808
UKM66,NA,NA,NA,Shetland Islands,3,28,1809
UKM7,NA,NA,Eastern Scotland,NA,2,28,1810
UKM71,NA,NA,NA,Angus and Dundee City,3,28,1811
UKM72,NA,NA,NA,Clackmannanshire and Fife,3,28,1812
UKM73,NA,NA,NA,East Lothian and Midlothian,3,28,1813
UKM75,NA,NA,NA,"Edinburgh, City of",3,28,1814
UKM76,NA,NA,NA,Falkirk,3,28,1815
UKM77,NA,NA,NA,Perth & Kinross and Stirling,3,28,1816
UKM78,NA,NA,NA,West Lothian,3,28,1817
UKM8,NA,NA,West Central Scotland,NA,2,28,1818
UKM81,NA,NA,NA,"East Dunbartonshire, West Dunbartonshire and Helensburgh & Lomond",3,28,1819
UKM82,NA,NA,NA,Glasgow City,3,28,1820
UKM83,NA,NA,NA,"Inverclyde, East Renfrewshire and Renfrewshire",3,28,1821
UKM84,NA,NA,NA,North Lanarkshire,3,28,1822
UKM9,NA,NA,Southern Scotland,NA,2,28,1823
UKM91,NA,NA,NA,Scottish Borders,3,28,1824
UKM92,NA,NA,NA,Dumfries & Galloway,3,28,1825
UKM93,NA,NA,NA,East Ayrshire and North Ayrshire mainland,3,28,1826
UKM94,NA,NA,NA,South Ayrshire,3,28,1827
UKM95,NA,NA,NA,South Lanarkshire,3,28,1828
UKN,NA,Northern Ireland,NA,NA,1,28,1829
UKN0,NA,NA,Northern Ireland,NA,2,28,1830
UKN06,NA,NA,NA,Belfast,3,28,1831
UKN07,NA,NA,NA,"Armagh City, Banbridge and Craigavon",3,28,1832
UKN08,NA,NA,NA,"Newry, Mourne and Down",3,28,1833
UKN09,NA,NA,NA,Ards and North Down,3,28,1834
UKN0A,NA,NA,NA,Derry City and Strabane,3,28,1835
UKN0B,NA,NA,NA,Mid Ulster,3,28,1836
UKN0C,NA,NA,NA,Causeway Coast and Glens,3,28,1837
UKN0D,NA,NA,NA,Antrim and Newtownabbey,3,28,1838
UKN0E,NA,NA,NA,Lisburn and Castlereagh,3,28,1839
UKN0F,NA,NA,NA,Mid and East Antrim,3,28,1840
UKN0G,NA,NA,NA,Fermanagh and Omagh,3,28,1841
UKZ,NA,Extra-Regio NUTS 1,NA,NA,1,28,1842
UKZZ,NA,NA,Extra-Regio NUTS 2,NA,2,28,1843
UKZZZ,NA,NA,NA,Extra-Regio NUTS 3,3,28,1844
NA,NA,NA,NA,NA,NA,NA,NA
"Statistical regions (EFTA countries, candidate countries, potential candidates, other partners (Eastern Partnership etc.):",NA,NA,NA,NA,NA,NA,NA
NA,NA,NA,NA,NA,NA,NA,NA
IS,Ísland,NA,NA,NA,0,29,1845
IS0,NA,Ísland,NA,NA,1,29,1846
IS00,NA,NA,Ísland,NA,2,29,1847
IS001,NA,NA,NA,Höfuðborgarsvæði,3,29,1848
IS002,NA,NA,NA,Landsbyggð,3,29,1849
ISZ,NA,Extra-Regio NUTS 1,NA,NA,1,29,1850
ISZZ,NA,NA,Extra-Regio NUTS 2,NA,2,29,1851
ISZZZ,NA,NA,NA,Extra-Regio NUTS 3,3,29,1852
LI,Liechtenstein,NA,NA,NA,0,30,1853
LI0,NA,Liechtenstein,NA,NA,1,30,1854
LI00,NA,NA,Liechtenstein,NA,2,30,1855
LI000,NA,NA,NA,Liechtenstein,3,30,1856
LIZ,NA,Extra-Regio NUTS 1,NA,NA,1,30,1857
LIZZ,NA,NA,Extra-Regio NUTS 2,NA,2,30,1858
LIZZZ,NA,NA,NA,Extra-Regio NUTS 3,3,30,1859
NO,Norge,NA,NA,NA,0,31,1860
NO0,NA,Norge,NA,NA,1,31,1861
NO02,NA,NA,Innlandet,NA,2,31,1862
NO020,NA,NA,NA,Innlandet,3,31,1863
NO06,NA,NA,Trøndelag,NA,2,31,1864
NO060,NA,NA,NA,Trøndelag,3,31,1865
NO07,NA,NA,Nord-Norge,NA,2,31,1866
NO071,NA,NA,NA,Nordland,3,31,1867
NO074,NA,NA,NA,Troms og Finnmark,3,31,1868
NO08,NA,NA,Oslo og Viken,NA,2,31,1869
NO081,NA,NA,NA,Oslo,3,31,1870
NO082,NA,NA,NA,Viken,3,31,1871
NO09,NA,NA,Agder og Sør-Østlandet,NA,2,31,1872
NO091,NA,NA,NA,Vestfold og Telemark,3,31,1873
NO092,NA,NA,NA,Agder,3,31,1874
NO0A,NA,NA,Vestlandet,NA,2,31,1875
NO0A1,NA,NA,NA,Rogaland,3,31,1876
NO0A2,NA,NA,NA,Vestland,3,31,1877
NO0A3,NA,NA,NA,Møre og Romsdal,3,31,1878
NO0B,NA,NA,Svalbard og Jan Mayen,NA,2,31,1879
NO0B1,NA,NA,NA,Jan Mayen,3,31,1880
NO0B2,NA,NA,NA,Svalbard,3,31,1881
NOZ,NA,Extra-Regio NUTS 1,NA,NA,1,31,1882
NOZZ,NA,NA,Extra-Regio NUTS 2,NA,2,31,1883
NOZZZ,NA,NA,NA,Extra-Regio NUTS 3,3,31,1884
CH,Schweiz/Suisse/Svizzera,NA,NA,NA,0,32,1885
CH0,NA,Schweiz/Suisse/Svizzera,NA,NA,1,32,1886
CH01,NA,NA,Région lémanique,NA,2,32,1887
CH011,NA,NA,NA,Vaud,3,32,1888
CH012,NA,NA,NA,Valais / Wallis,3,32,1889
CH013,NA,NA,NA,Genève,3,32,1890
CH02,NA,NA,Espace Mittelland,NA,2,32,1891
CH021,NA,NA,NA,Bern / Berne,3,32,1892
CH022,NA,NA,NA,Fribourg / Freiburg,3,32,1893
CH023,NA,NA,NA,Solothurn,3,32,1894
CH024,NA,NA,NA,Neuchâtel,3,32,1895
CH025,NA,NA,NA,Jura,3,32,1896
CH03,NA,NA,Nordwestschweiz,NA,2,32,1897
CH031,NA,NA,NA,Basel-Stadt,3,32,1898
CH032,NA,NA,NA,Basel-Landschaft,3,32,1899
CH033,NA,NA,NA,Aargau,3,32,1900
CH04,NA,NA,Zürich,NA,2,32,1901
CH040,NA,NA,NA,Zürich,3,32,1902
CH05,NA,NA,Ostschweiz,NA,2,32,1903
CH051,NA,NA,NA,Glarus,3,32,1904
CH052,NA,NA,NA,Schaffhausen,3,32,1905
CH053,NA,NA,NA,Appenzell Ausserrhoden,3,32,1906
CH054,NA,NA,NA,Appenzell Innerrhoden,3,32,1907
CH055,NA,NA,NA,St. Gallen,3,32,1908
CH056,NA,NA,NA,Graubünden / Grigioni / Grischun,3,32,1909
CH057,NA,NA,NA,Thurgau,3,32,1910
CH06,NA,NA,Zentralschweiz,NA,2,32,1911
CH061,NA,NA,NA,Luzern,3,32,1912
CH062,NA,NA,NA,Uri,3,32,1913
CH063,NA,NA,NA,Schwyz,3,32,1914
CH064,NA,NA,NA,Obwalden,3,32,1915
CH065,NA,NA,NA,Nidwalden,3,32,1916
CH066,NA,NA,NA,Zug,3,32,1917
CH07,NA,NA,Ticino,NA,2,32,1918
CH070,NA,NA,NA,Ticino,3,32,1919
CHZ,NA,Extra-Regio NUTS 1,NA,NA,1,32,1920
CHZZ,NA,NA,Extra-Regio NUTS 2,NA,2,32,1921
CHZZZ,NA,NA,NA,Extra-Regio NUTS 3,3,32,1922
ME,Црна Гора,NA,NA,NA,0,33,1923
ME0,NA,Црна Гора,NA,NA,1,33,1924
ME00,NA,NA,Црна Гора,NA,2,33,1925
ME000,NA,NA,NA,Црна Гора,3,33,1926
MEZ,NA,Extra-Regio NUTS 1,NA,NA,1,33,1927
MEZZ,NA,NA,Extra-Regio NUTS 2,NA,2,33,1928
MEZZZ,NA,NA,NA,Extra-Regio NUTS 3,3,33,1929
MK,Северна Македонија,NA,NA,NA,0,34,1930
MK0,NA,Северна Македонија,NA,NA,1,34,1931
MK00,NA,NA,Северна Македонија,NA,2,34,1932
MK001,NA,NA,NA,Вардарски,3,34,1933
MK002,NA,NA,NA,Источен,3,34,1934
MK003,NA,NA,NA,Југозападен,3,34,1935
MK004,NA,NA,NA,Југоисточен,3,34,1936
MK005,NA,NA,NA,Пелагониски,3,34,1937
MK006,NA,NA,NA,Полошки,3,34,1938
MK007,NA,NA,NA,Североисточен,3,34,1939
MK008,NA,NA,NA,Скопски,3,34,1940
MKZ,NA,Extra-Regio NUTS 1,NA,NA,1,34,1941
MKZZ,NA,NA,Extra-Regio NUTS 2,NA,2,34,1942
MKZZZ,NA,NA,NA,Extra-Regio NUTS 3,3,34,1943
AL,Shqipëria,NA,NA,NA,0,35,1944
AL0,NA,Shqipëria,NA,NA,1,35,1945
AL01,NA,NA,Veri,NA,2,35,1946
AL011,NA,NA,NA,Dibër,3,35,1947
AL012,NA,NA,NA,Durrës,3,35,1948
AL013,NA,NA,NA,Kukës,3,35,1949
AL014,NA,NA,NA,Lezhë,3,35,1950
AL015,NA,NA,NA,Shkodër,3,35,1951
AL02,NA,NA,Qender,NA,2,35,1952
AL021,NA,NA,NA,Elbasan,3,35,1953
AL022,NA,NA,NA,Tiranë,3,35,1954
AL03,NA,NA,Jug,NA,2,35,1955
AL031,NA,NA,NA,Berat,3,35,1956
AL032,NA,NA,NA,Fier,3,35,1957
AL033,NA,NA,NA,Gjirokastër,3,35,1958
AL034,NA,NA,NA,Korcë,3,35,1959
AL035,NA,NA,NA,Vlorë,3,35,1960
ALZ,NA,Extra-Regio NUTS 1,NA,NA,1,35,1961
ALZZ,NA,NA,Extra-Regio NUTS 2,NA,2,35,1962
ALZZZ,NA,NA,NA,Extra-Regio NUTS 3,3,35,1963
RS,Srbija/Сpбија,NA,NA,NA,0,36,1964
RS1,NA,Србија - север,NA,NA,1,36,1965
RS11,NA,NA,Београдски регион,NA,2,36,1966
RS110,NA,NA,NA,Београдска област,3,36,1967
RS12,NA,NA,Регион Војводине,NA,2,36,1968
RS121,NA,NA,NA,Западнобачка област,3,36,1969
RS122,NA,NA,NA,Јужнобанатска област,3,36,1970
RS123,NA,NA,NA,Јужнобачка област,3,36,1971
RS124,NA,NA,NA,Севернобанатска област,3,36,1972
RS125,NA,NA,NA,Севернобачка област,3,36,1973
RS126,NA,NA,NA,Средњобанатска област,3,36,1974
RS127,NA,NA,NA,Сремска област,3,36,1975
RS2,NA,Србија - југ,NA,NA,1,36,1976
RS21,NA,NA,Регион Шумадије и Западне Србије,NA,2,36,1977
RS211,NA,NA,NA,Златиборска област,3,36,1978
RS212,NA,NA,NA,Колубарска област,3,36,1979
RS213,NA,NA,NA,Мачванска област,3,36,1980
RS214,NA,NA,NA,Моравичка област,3,36,1981
RS215,NA,NA,NA,Поморавска област,3,36,1982
RS216,NA,NA,NA,Расинска област,3,36,1983
RS217,NA,NA,NA,Рашка област,3,36,1984
RS218,NA,NA,NA,Шумадијска област,3,36,1985
RS22,NA,NA,Регион Јужне и Источне Србије,NA,2,36,1986
RS221,NA,NA,NA,Борска област,3,36,1987
RS222,NA,NA,NA,Браничевска област,3,36,1988
RS223,NA,NA,NA,Зајечарска област,3,36,1989
RS224,NA,NA,NA,Јабланичка област,3,36,1990
RS225,NA,NA,NA,Нишавска област,3,36,1991
RS226,NA,NA,NA,Пиротска област,3,36,1992
RS227,NA,NA,NA,Подунавска област,3,36,1993
RS228,NA,NA,NA,Пчињска област,3,36,1994
RS229,NA,NA,NA,Топличка област,3,36,1995
RSZ,NA,Extra-Regio NUTS 1,NA,NA,1,36,1996
RSZZ,NA,NA,Extra-Regio NUTS 2,NA,2,36,1997
RSZZZ,NA,NA,NA,Extra-Regio NUTS 3,3,36,1998
TR,Türkiye,NA,NA,NA,0,37,1999
TR1,NA,İstanbul,NA,NA,1,37,2000
TR10,NA,NA,İstanbul,NA,2,37,2001
TR100,NA,NA,NA,İstanbul,3,37,2002
TR2,NA,Batı Marmara,NA,NA,1,37,2003
TR21,NA,NA,"Tekirdağ, Edirne, Kırklareli",NA,2,37,2004
TR211,NA,NA,NA,Tekirdağ,3,37,2005
TR212,NA,NA,NA,Edirne,3,37,2006
TR213,NA,NA,NA,Kırklareli,3,37,2007
TR22,NA,NA,"Balıkesir, Çanakkale",NA,2,37,2008
TR221,NA,NA,NA,Balıkesir,3,37,2009
TR222,NA,NA,NA,Çanakkale,3,37,2010
TR3,NA,Ege,NA,NA,1,37,2011
TR31,NA,NA,İzmir,NA,2,37,2012
TR310,NA,NA,NA,İzmir,3,37,2013
TR32,NA,NA,"Aydın, Denizli, Muğla",NA,2,37,2014
TR321,NA,NA,NA,Aydın,3,37,2015
TR322,NA,NA,NA,Denizli,3,37,2016
TR323,NA,NA,NA,Muğla,3,37,2017
TR33,NA,NA,"Manisa, Afyonkarahisar, Kütahya, Uşak",NA,2,37,2018
TR331,NA,NA,NA,Manisa,3,37,2019
TR332,NA,NA,NA,Afyonkarahisar,3,37,2020
TR333,NA,NA,NA,Kütahya,3,37,2021
TR334,NA,NA,NA,Uşak,3,37,2022
TR4,NA,Doğu Marmara,NA,NA,1,37,2023
TR41,NA,NA,"Bursa, Eskişehir, Bilecik",NA,2,37,2024
TR411,NA,NA,NA,Bursa,3,37,2025
TR412,NA,NA,NA,Eskişehir,3,37,2026
TR413,NA,NA,NA,Bilecik,3,37,2027
TR42,NA,NA,"Kocaeli, Sakarya, Düzce, Bolu, Yalova",NA,2,37,2028
TR421,NA,NA,NA,Kocaeli,3,37,2029
TR422,NA,NA,NA,Sakarya,3,37,2030
TR423,NA,NA,NA,Düzce,3,37,2031
TR424,NA,NA,NA,Bolu,3,37,2032
TR425,NA,NA,NA,Yalova,3,37,2033
TR5,NA,Batı Anadolu,NA,NA,1,37,2034
TR51,NA,NA,Ankara,NA,2,37,2035
TR510,NA,NA,NA,Ankara,3,37,2036
TR52,NA,NA,"Konya, Karaman",NA,2,37,2037
TR521,NA,NA,NA,Konya,3,37,2038
TR522,NA,NA,NA,Karaman,3,37,2039
TR6,NA,Akdeniz,NA,NA,1,37,2040
TR61,NA,NA,"Antalya, Isparta, Burdur",NA,2,37,2041
TR611,NA,NA,NA,Antalya,3,37,2042
TR612,NA,NA,NA,Isparta,3,37,2043
TR613,NA,NA,NA,Burdur,3,37,2044
TR62,NA,NA,"Adana, Mersin",NA,2,37,2045
TR621,NA,NA,NA,Adana,3,37,2046
TR622,NA,NA,NA,Mersin,3,37,2047
TR63,NA,NA,"Hatay, Kahramanmaraş, Osmaniye",NA,2,37,2048
TR631,NA,NA,NA,Hatay,3,37,2049
TR632,NA,NA,NA,Kahramanmaraş,3,37,2050
TR633,NA,NA,NA,Osmaniye,3,37,2051
TR7,NA,Orta Anadolu,NA,NA,1,37,2052
TR71,NA,NA,"Kırıkkale, Aksaray, Niğde, Nevşehir, Kırşehir",NA,2,37,2053
TR711,NA,NA,NA,Kırıkkale,3,37,2054
TR712,NA,NA,NA,Aksaray,3,37,2055
TR713,NA,NA,NA,Niğde,3,37,2056
TR714,NA,NA,NA,Nevşehir,3,37,2057
TR715,NA,NA,NA,Kırşehir,3,37,2058
TR72,NA,NA,"Kayseri, Sivas, Yozgat",NA,2,37,2059
TR721,NA,NA,NA,Kayseri,3,37,2060
TR722,NA,NA,NA,Sivas,3,37,2061
TR723,NA,NA,NA,Yozgat,3,37,2062
TR8,NA,Batı Karadeniz,NA,NA,1,37,2063
TR81,NA,NA,"Zonguldak, Karabük, Bartın",NA,2,37,2064
TR811,NA,NA,NA,Zonguldak,3,37,2065
TR812,NA,NA,NA,Karabük,3,37,2066
TR813,NA,NA,NA,Bartın,3,37,2067
TR82,NA,NA,"Kastamonu, Çankırı, Sinop",NA,2,37,2068
TR821,NA,NA,NA,Kastamonu,3,37,2069
TR822,NA,NA,NA,Çankırı,3,37,2070
TR823,NA,NA,NA,Sinop,3,37,2071
TR83,NA,NA,"Samsun, Tokat, Çorum, Amasya",NA,2,37,2072
TR831,NA,NA,NA,Samsun,3,37,2073
TR832,NA,NA,NA,Tokat,3,37,2074
TR833,NA,NA,NA,Çorum,3,37,2075
TR834,NA,NA,NA,Amasya,3,37,2076
TR9,NA,Doğu Karadeniz,NA,NA,1,37,2077
TR90,NA,NA,"Trabzon, Ordu, Giresun, Rize, Artvin, Gümüşhane",NA,2,37,2078
TR901,NA,NA,NA,Trabzon,3,37,2079
TR902,NA,NA,NA,Ordu,3,37,2080
TR903,NA,NA,NA,Giresun,3,37,2081
TR904,NA,NA,NA,Rize,3,37,2082
TR905,NA,NA,NA,Artvin,3,37,2083
TR906,NA,NA,NA,Gümüşhane,3,37,2084
TRA,NA,Kuzeydoğu Anadolu,NA,NA,1,37,2085
TRA1,NA,NA,"Erzurum, Erzincan, Bayburt",NA,2,37,2086
TRA11,NA,NA,NA,Erzurum,3,37,2087
TRA12,NA,NA,NA,Erzincan,3,37,2088
TRA13,NA,NA,NA,Bayburt,3,37,2089
TRA2,NA,NA,"Ağrı, Kars, Iğdır, Ardahan",NA,2,37,2090
TRA21,NA,NA,NA,Ağrı,3,37,2091
TRA22,NA,NA,NA,Kars,3,37,2092
TRA23,NA,NA,NA,Iğdır,3,37,2093
TRA24,NA,NA,NA,Ardahan,3,37,2094
TRB,NA,Ortadoğu Anadolu,NA,NA,1,37,2095
TRB1,NA,NA,"Malatya, Elazığ, Bingöl, Tunceli",NA,2,37,2096
TRB11,NA,NA,NA,Malatya,3,37,2097
TRB12,NA,NA,NA,Elazığ,3,37,2098
TRB13,NA,NA,NA,Bingöl,3,37,2099
TRB14,NA,NA,NA,Tunceli,3,37,2100
TRB2,NA,NA,"Van, Muş, Bitlis, Hakkari",NA,2,37,2101
TRB21,NA,NA,NA,Van,3,37,2102
TRB22,NA,NA,NA,Muş,3,37,2103
TRB23,NA,NA,NA,Bitlis,3,37,2104
TRB24,NA,NA,NA,Hakkari,3,37,2105
TRC,NA,Güneydoğu Anadolu,NA,NA,1,37,2106
TRC1,NA,NA,"Gaziantep, Adıyaman, Kilis",NA,2,37,2107
TRC11,NA,NA,NA,Gaziantep,3,37,2108
TRC12,NA,NA,NA,Adıyaman,3,37,2109
TRC13,NA,NA,NA,Kilis,3,37,2110
TRC2,NA,NA,"Şanlıurfa, Diyarbakır",NA,2,37,2111
TRC21,NA,NA,NA,Şanlıurfa,3,37,2112
TRC22,NA,NA,NA,Diyarbakır,3,37,2113
TRC3,NA,NA,"Mardin, Batman, Şırnak, Siirt",NA,2,37,2114
TRC31,NA,NA,NA,Mardin,3,37,2115
TRC32,NA,NA,NA,Batman,3,37,2116
TRC33,NA,NA,NA,Şırnak,3,37,2117
TRC34,NA,NA,NA,Siirt,3,37,2118
TRZ,NA,Extra-Regio NUTS 1,NA,NA,1,37,2119
TRZZ,NA,NA,Extra-Regio NUTS 2,NA,2,37,2120
TRZZZ,NA,NA,NA,Extra-Regio NUTS 3,3,37,2121
